,epsilon
0,1.0
1,0.9996198479391757
2,0.9992396958783514
3,0.9988595438175271
4,0.9984793917567026
5,0.9980992396958783
6,0.997719087635054
7,0.9973389355742297
8,0.9969587835134054
9,0.9965786314525811
10,0.9961984793917567
11,0.9958183273309323
12,0.995438175270108
13,0.9950580232092837
14,0.9946778711484594
15,0.9942977190876351
16,0.9939175670268108
17,0.9935374149659864
18,0.993157262905162
19,0.9927771108443377
20,0.9923969587835134
21,0.9920168067226891
22,0.9916366546618648
23,0.9912565026010404
24,0.990876350540216
25,0.9904961984793917
26,0.9901160464185674
27,0.9897358943577431
28,0.9893557422969188
29,0.9889755902360945
30,0.9885954381752701
31,0.9882152861144458
32,0.9878351340536214
33,0.9874549819927971
34,0.9870748299319728
35,0.9866946778711485
36,0.9863145258103241
37,0.9859343737494998
38,0.9855542216886755
39,0.9851740696278511
40,0.9847939175670268
41,0.9844137655062025
42,0.9840336134453782
43,0.9836534613845538
44,0.9832733093237295
45,0.9828931572629052
46,0.9825130052020808
47,0.9821328531412565
48,0.9817527010804322
49,0.9813725490196078
50,0.9809923969587835
51,0.9806122448979592
52,0.9802320928371349
53,0.9798519407763105
54,0.9794717887154862
55,0.9790916366546618
56,0.9787114845938375
57,0.9783313325330132
58,0.9779511804721889
59,0.9775710284113646
60,0.9771908763505402
61,0.9768107242897159
62,0.9764305722288915
63,0.9760504201680672
64,0.9756702681072429
65,0.9752901160464186
66,0.9749099639855943
67,0.97452981192477
68,0.9741496598639455
69,0.9737695078031212
70,0.9733893557422969
71,0.9730092036814726
72,0.9726290516206483
73,0.972248899559824
74,0.9718687474989997
75,0.9714885954381752
76,0.9711084433773509
77,0.9707282913165266
78,0.9703481392557023
79,0.969967987194878
80,0.9695878351340537
81,0.9692076830732292
82,0.9688275310124049
83,0.9684473789515806
84,0.9680672268907563
85,0.967687074829932
86,0.9673069227691077
87,0.9669267707082834
88,0.9665466186474589
89,0.9661664665866346
90,0.9657863145258103
91,0.965406162464986
92,0.9650260104041617
93,0.9646458583433374
94,0.964265706282513
95,0.9638855542216886
96,0.9635054021608643
97,0.96312525010004
98,0.9627450980392157
99,0.9623649459783914
100,0.961984793917567
101,0.9616046418567427
102,0.9612244897959183
103,0.960844337735094
104,0.9604641856742697
105,0.9600840336134454
106,0.9597038815526211
107,0.9593237294917967
108,0.9589435774309724
109,0.958563425370148
110,0.9581832733093237
111,0.9578031212484994
112,0.9574229691876751
113,0.9570428171268508
114,0.9566626650660264
115,0.9562825130052021
116,0.9559023609443777
117,0.9555222088835534
118,0.9551420568227291
119,0.9547619047619048
120,0.9543817527010804
121,0.9540016006402561
122,0.9536214485794318
123,0.9532412965186075
124,0.9528611444577831
125,0.9524809923969588
126,0.9521008403361344
127,0.9517206882753101
128,0.9513405362144858
129,0.9509603841536615
130,0.9505802320928372
131,0.9502000800320128
132,0.9498199279711885
133,0.9494397759103641
134,0.9490596238495398
135,0.9486794717887155
136,0.9482993197278912
137,0.9479191676670669
138,0.9475390156062425
139,0.9471588635454182
140,0.9467787114845938
141,0.9463985594237695
142,0.9460184073629452
143,0.9456382553021209
144,0.9452581032412966
145,0.9448779511804722
146,0.9444977991196478
147,0.9441176470588235
148,0.9437374949979992
149,0.9433573429371749
150,0.9429771908763506
151,0.9425970388155263
152,0.9422168867547018
153,0.9418367346938775
154,0.9414565826330532
155,0.9410764305722289
156,0.9406962785114046
157,0.9403161264505803
158,0.939935974389756
159,0.9395558223289315
160,0.9391756702681072
161,0.9387955182072829
162,0.9384153661464586
163,0.9380352140856343
164,0.93765506202481
165,0.9372749099639857
166,0.9368947579031612
167,0.9365146058423369
168,0.9361344537815126
169,0.9357543017206883
170,0.935374149659864
171,0.9349939975990396
172,0.9346138455382152
173,0.9342336934773909
174,0.9338535414165666
175,0.9334733893557423
176,0.933093237294918
177,0.9327130852340937
178,0.9323329331732693
179,0.931952781112445
180,0.9315726290516206
181,0.9311924769907963
182,0.930812324929972
183,0.9304321728691477
184,0.9300520208083234
185,0.929671868747499
186,0.9292917166866747
187,0.9289115646258503
188,0.928531412565026
189,0.9281512605042017
190,0.9277711084433774
191,0.927390956382553
192,0.9270108043217287
193,0.9266306522609044
194,0.92625050020008
195,0.9258703481392557
196,0.9254901960784314
197,0.925110044017607
198,0.9247298919567827
199,0.9243497398959584
200,0.923969587835134
201,0.9235894357743097
202,0.9232092837134854
203,0.9228291316526611
204,0.9224489795918367
205,0.9220688275310124
206,0.9216886754701881
207,0.9213085234093638
208,0.9209283713485394
209,0.9205482192877151
210,0.9201680672268908
211,0.9197879151660664
212,0.9194077631052421
213,0.9190276110444178
214,0.9186474589835935
215,0.9182673069227691
216,0.9178871548619448
217,0.9175070028011204
218,0.9171268507402961
219,0.9167466986794718
220,0.9163665466186475
221,0.9159863945578232
222,0.9156062424969988
223,0.9152260904361744
224,0.9148459383753501
225,0.9144657863145258
226,0.9140856342537015
227,0.9137054821928772
228,0.9133253301320529
229,0.9129451780712285
230,0.9125650260104041
231,0.9121848739495798
232,0.9118047218887555
233,0.9114245698279312
234,0.9110444177671069
235,0.9106642657062826
236,0.9102841136454582
237,0.9099039615846338
238,0.9095238095238095
239,0.9091436574629852
240,0.9087635054021609
241,0.9083833533413366
242,0.9080032012805122
243,0.9076230492196878
244,0.9072428971588635
245,0.9068627450980392
246,0.9064825930372149
247,0.9061024409763906
248,0.9057222889155663
249,0.9053421368547419
250,0.9049619847939175
251,0.9045818327330932
252,0.9042016806722689
253,0.9038215286114446
254,0.9034413765506203
255,0.903061224489796
256,0.9026810724289716
257,0.9023009203681472
258,0.9019207683073229
259,0.9015406162464986
260,0.9011604641856743
261,0.90078031212485
262,0.9004001600640257
263,0.9000200080032013
264,0.8996398559423769
265,0.8992597038815526
266,0.8988795518207283
267,0.898499399759904
268,0.8981192476990796
269,0.8977390956382553
270,0.897358943577431
271,0.8969787915166066
272,0.8965986394557823
273,0.896218487394958
274,0.8958383353341337
275,0.8954581832733093
276,0.895078031212485
277,0.8946978791516607
278,0.8943177270908363
279,0.893937575030012
280,0.8935574229691877
281,0.8931772709083634
282,0.892797118847539
283,0.8924169667867147
284,0.8920368147258904
285,0.891656662665066
286,0.8912765106042417
287,0.8908963585434174
288,0.890516206482593
289,0.8901360544217687
290,0.8897559023609444
291,0.8893757503001201
292,0.8889955982392957
293,0.8886154461784714
294,0.888235294117647
295,0.8878551420568227
296,0.8874749899959984
297,0.8870948379351741
298,0.8867146858743498
299,0.8863345338135254
300,0.8859543817527011
301,0.8855742296918767
302,0.8851940776310524
303,0.8848139255702281
304,0.8844337735094038
305,0.8840536214485795
306,0.8836734693877552
307,0.8832933173269308
308,0.8829131652661064
309,0.8825330132052821
310,0.8821528611444578
311,0.8817727090836335
312,0.8813925570228092
313,0.8810124049619847
314,0.8806322529011604
315,0.8802521008403361
316,0.8798719487795118
317,0.8794917967186875
318,0.8791116446578632
319,0.8787314925970389
320,0.8783513405362144
321,0.8779711884753901
322,0.8775910364145658
323,0.8772108843537415
324,0.8768307322929172
325,0.8764505802320929
326,0.8760704281712686
327,0.8756902761104441
328,0.8753101240496198
329,0.8749299719887955
330,0.8745498199279712
331,0.8741696678671469
332,0.8737895158063225
333,0.8734093637454983
334,0.8730292116846738
335,0.8726490596238495
336,0.8722689075630252
337,0.8718887555022009
338,0.8715086034413766
339,0.8711284513805522
340,0.8707482993197279
341,0.8703681472589035
342,0.8699879951980792
343,0.8696078431372549
344,0.8692276910764306
345,0.8688475390156063
346,0.8684673869547819
347,0.8680872348939576
348,0.8677070828331332
349,0.8673269307723089
350,0.8669467787114846
351,0.8665666266506603
352,0.866186474589836
353,0.8658063225290116
354,0.8654261704681873
355,0.865046018407363
356,0.8646658663465386
357,0.8642857142857143
358,0.8639055622248899
359,0.8635254101640657
360,0.8631452581032413
361,0.862765106042417
362,0.8623849539815927
363,0.8620048019207683
364,0.861624649859944
365,0.8612444977991196
366,0.8608643457382953
367,0.860484193677471
368,0.8601040416166467
369,0.8597238895558224
370,0.859343737494998
371,0.8589635854341737
372,0.8585834333733493
373,0.858203281312525
374,0.8578231292517007
375,0.8574429771908764
376,0.857062825130052
377,0.8566826730692277
378,0.8563025210084034
379,0.855922368947579
380,0.8555422168867547
381,0.8551620648259304
382,0.8547819127651061
383,0.8544017607042818
384,0.8540216086434573
385,0.8536414565826331
386,0.8532613045218087
387,0.8528811524609844
388,0.8525010004001601
389,0.8521208483393358
390,0.8517406962785115
391,0.851360544217687
392,0.8509803921568627
393,0.8506002400960384
394,0.8502200880352141
395,0.8498399359743898
396,0.8494597839135655
397,0.8490796318527412
398,0.8486994797919167
399,0.8483193277310924
400,0.8479391756702681
401,0.8475590236094438
402,0.8471788715486195
403,0.8467987194877951
404,0.8464185674269709
405,0.8460384153661464
406,0.8456582633053221
407,0.8452781112444978
408,0.8448979591836735
409,0.8445178071228492
410,0.8441376550620248
411,0.8437575030012006
412,0.8433773509403761
413,0.8429971988795518
414,0.8426170468187275
415,0.8422368947579032
416,0.8418567426970789
417,0.8414765906362545
418,0.8410964385754301
419,0.8407162865146058
420,0.8403361344537815
421,0.8399559823929572
422,0.8395758303321329
423,0.8391956782713086
424,0.8388155262104842
425,0.8384353741496599
426,0.8380552220888355
427,0.8376750700280112
428,0.8372949179671869
429,0.8369147659063625
430,0.8365346138455383
431,0.8361544617847139
432,0.8357743097238896
433,0.8353941576630652
434,0.8350140056022409
435,0.8346338535414166
436,0.8342537014805922
437,0.8338735494197679
438,0.8334933973589436
439,0.8331132452981193
440,0.8327330932372949
441,0.8323529411764706
442,0.8319727891156463
443,0.8315926370548219
444,0.8312124849939976
445,0.8308323329331733
446,0.830452180872349
447,0.8300720288115246
448,0.8296918767507003
449,0.829311724689876
450,0.8289315726290516
451,0.8285514205682273
452,0.828171268507403
453,0.8277911164465787
454,0.8274109643857543
455,0.8270308123249299
456,0.8266506602641057
457,0.8262705082032813
458,0.825890356142457
459,0.8255102040816327
460,0.8251300520208084
461,0.824749899959984
462,0.8243697478991596
463,0.8239895958383353
464,0.823609443777511
465,0.8232292917166867
466,0.8228491396558624
467,0.8224689875950381
468,0.8220888355342137
469,0.8217086834733893
470,0.821328531412565
471,0.8209483793517407
472,0.8205682272909164
473,0.8201880752300921
474,0.8198079231692678
475,0.8194277711084434
476,0.819047619047619
477,0.8186674669867947
478,0.8182873149259704
479,0.8179071628651461
480,0.8175270108043218
481,0.8171468587434974
482,0.8167667066826731
483,0.8163865546218487
484,0.8160064025610244
485,0.8156262505002001
486,0.8152460984393758
487,0.8148659463785515
488,0.814485794317727
489,0.8141056422569027
490,0.8137254901960784
491,0.8133453381352541
492,0.8129651860744298
493,0.8125850340136055
494,0.8122048819527812
495,0.8118247298919568
496,0.8114445778311324
497,0.8110644257703081
498,0.8110644257703081
499,0.8106842737094838
500,0.8103041216486595
501,0.8099239695878351
502,0.8095438175270109
503,0.8091636654661865
504,0.8087835134053621
505,0.8084033613445378
506,0.8080232092837135
507,0.8076430572228892
508,0.8072629051620648
509,0.8068827531012405
510,0.8065026010404162
511,0.8061224489795918
512,0.8057422969187675
513,0.8053621448579432
514,0.8049819927971189
515,0.8046018407362945
516,0.8042216886754702
517,0.8038415366146459
518,0.8034613845538215
519,0.8030812324929972
520,0.8027010804321729
521,0.8023209283713486
522,0.8019407763105242
523,0.8015606242496999
524,0.8011804721888756
525,0.8008003201280512
526,0.8004201680672269
527,0.8000400160064025
528,0.7996598639455783
529,0.7992797118847539
530,0.7988995598239296
531,0.7985194077631053
532,0.798139255702281
533,0.7977591036414566
534,0.7973789515806322
535,0.7969987995198079
536,0.7966186474589836
537,0.7962384953981593
538,0.795858343337335
539,0.7954781912765106
540,0.7950980392156863
541,0.7947178871548619
542,0.7943377350940376
543,0.7939575830332133
544,0.793577430972389
545,0.7931972789115647
546,0.7928171268507404
547,0.792436974789916
548,0.7920568227290916
549,0.7916766706682673
550,0.791296518607443
551,0.7909163665466187
552,0.7905362144857944
553,0.7901560624249699
554,0.7897759103641457
555,0.7893957583033213
556,0.789015606242497
557,0.7886354541816727
558,0.7882553021208484
559,0.7878751500600241
560,0.7874949979991996
561,0.7871148459383753
562,0.786734693877551
563,0.7863545418167267
564,0.7859743897559024
565,0.7855942376950781
566,0.7852140856342538
567,0.7848339335734293
568,0.784453781512605
569,0.7840736294517807
570,0.7836934773909564
571,0.7833133253301321
572,0.7829331732693077
573,0.7825530212084835
574,0.782172869147659
575,0.7817927170868347
576,0.7814125650260104
577,0.7810324129651861
578,0.7806522609043618
579,0.7802721088435374
580,0.7798919567827132
581,0.7795118047218887
582,0.7791316526610644
583,0.7787515006002401
584,0.7783713485394158
585,0.7779911964785915
586,0.7776110444177671
587,0.7772308923569428
588,0.7768507402961184
589,0.7764705882352941
590,0.7760904361744698
591,0.7757102841136455
592,0.7753301320528212
593,0.7749499799919968
594,0.7745698279311725
595,0.7741896758703481
596,0.7738095238095238
597,0.7734293717486995
598,0.7730492196878751
599,0.7726690676270509
600,0.7722889155662265
601,0.7719087635054022
602,0.7715286114445778
603,0.7711484593837535
604,0.7707683073229292
605,0.7703881552621048
606,0.7700080032012805
607,0.7696278511404562
608,0.7692476990796319
609,0.7688675470188076
610,0.7684873949579832
611,0.7681072428971589
612,0.7677270908363345
613,0.7673469387755102
614,0.7669667867146859
615,0.7665866346538616
616,0.7662064825930373
617,0.7658263305322129
618,0.7654461784713886
619,0.7650660264105642
620,0.7646858743497399
621,0.7643057222889156
622,0.7639255702280913
623,0.763545418167267
624,0.7631652661064425
625,0.7627851140456183
626,0.7624049619847939
627,0.7620248099239696
628,0.7616446578631453
629,0.761264505802321
630,0.7608843537414967
631,0.7605042016806722
632,0.7601240496198479
633,0.7597438975590236
634,0.7593637454981993
635,0.758983593437375
636,0.7586034413765507
637,0.7582232893157264
638,0.7578431372549019
639,0.7574629851940776
640,0.7570828331332533
641,0.756702681072429
642,0.7563225290116047
643,0.7559423769507804
644,0.7555622248899561
645,0.7551820728291316
646,0.7548019207683073
647,0.754421768707483
648,0.7540416166466587
649,0.7536614645858344
650,0.75328131252501
651,0.7529011604641858
652,0.7525210084033613
653,0.752140856342537
654,0.7517607042817127
655,0.7513805522208884
656,0.7510004001600641
657,0.7506202480992397
658,0.7502400960384153
659,0.749859943977591
660,0.7494797919167667
661,0.7490996398559424
662,0.748719487795118
663,0.7483393357342938
664,0.7479591836734694
665,0.747579031612645
666,0.7471988795518207
667,0.7468187274909964
668,0.7464385754301721
669,0.7460584233693477
670,0.7456782713085235
671,0.7452981192476991
672,0.7449179671868748
673,0.7445378151260504
674,0.7441576630652261
675,0.7437775110044018
676,0.7433973589435774
677,0.7430172068827532
678,0.7426370548219288
679,0.7422569027611045
680,0.7418767507002801
681,0.7414965986394557
682,0.7411164465786315
683,0.7407362945178071
684,0.7403561424569829
685,0.7399759903961585
686,0.7395958383353342
687,0.7392156862745098
688,0.7388355342136854
689,0.7384553821528612
690,0.7380752300920368
691,0.7376950780312125
692,0.7373149259703882
693,0.7369347739095639
694,0.7365546218487395
695,0.7361744697879151
696,0.7357943177270909
697,0.7354141656662665
698,0.7350340136054422
699,0.7346538615446179
700,0.7342737094837936
701,0.7338935574229692
702,0.7335134053621448
703,0.7331332533013206
704,0.7327531012404962
705,0.7323729491796719
706,0.7319927971188476
707,0.7316126450580231
708,0.731232492997199
709,0.7308523409363745
710,0.7304721888755503
711,0.7300920368147259
712,0.7297118847539016
713,0.7293317326930773
714,0.7289515806322528
715,0.7285714285714286
716,0.7281912765106042
717,0.7278111244497799
718,0.7274309723889556
719,0.7270508203281313
720,0.726670668267307
721,0.7262905162064826
722,0.7259103641456583
723,0.7255302120848339
724,0.7251500600240096
725,0.7247699079631853
726,0.724389755902361
727,0.7240096038415367
728,0.7236294517807123
729,0.723249299719888
730,0.7228691476590636
731,0.7224889955982393
732,0.722108843537415
733,0.7217286914765906
734,0.7213485394157664
735,0.720968387354942
736,0.7205882352941176
737,0.7202080832332933
738,0.719827931172469
739,0.7194477791116447
740,0.7190676270508203
741,0.7186874749899961
742,0.7183073229291717
743,0.7179271708683473
744,0.717547018807523
745,0.7171668667466987
746,0.7167867146858744
747,0.71640656262505
748,0.7160264105642258
749,0.7156462585034014
750,0.715266106442577
751,0.7148859543817527
752,0.7145058023209284
753,0.7141256502601041
754,0.7137454981992797
755,0.7133653461384555
756,0.7129851940776311
757,0.7126050420168067
758,0.7122248899559824
759,0.711844737895158
760,0.7114645858343338
761,0.7110844337735094
762,0.7107042817126851
763,0.7103241296518608
764,0.7099439775910364
765,0.7095638255302121
766,0.7091836734693877
767,0.7088035214085635
768,0.7084233693477391
769,0.7080432172869148
770,0.7076630652260905
771,0.7072829131652661
772,0.7069027611044418
773,0.7065226090436174
774,0.7061424569827932
775,0.7057623049219688
776,0.7053821528611445
777,0.7050020008003202
778,0.7046218487394957
779,0.7042416966786715
780,0.7038615446178471
781,0.7034813925570229
782,0.7031012404961985
783,0.7027210884353742
784,0.7023409363745499
785,0.7019607843137254
786,0.7015806322529012
787,0.7012004801920768
788,0.7008203281312525
789,0.7004401760704282
790,0.7000600240096039
791,0.6996798719487796
792,0.6992997198879551
793,0.6989195678271309
794,0.6985394157663065
795,0.6981592637054822
796,0.6977791116446579
797,0.6973989595838336
798,0.6970188075230093
799,0.6966386554621848
800,0.6962585034013606
801,0.6958783513405362
802,0.6954981992797119
803,0.6951180472188876
804,0.6947378951580632
805,0.694357743097239
806,0.6939775910364145
807,0.6935974389755902
808,0.6932172869147659
809,0.6928371348539416
810,0.6924569827931173
811,0.6920768307322929
812,0.6916966786714687
813,0.6913165266106442
814,0.6909363745498199
815,0.6905562224889956
816,0.6901760704281713
817,0.689795918367347
818,0.6894157663065226
819,0.6890356142456984
820,0.688655462184874
821,0.6882753101240496
822,0.6878951580632253
823,0.687515006002401
824,0.6871348539415767
825,0.6867547018807523
826,0.6863745498199281
827,0.6859943977591036
828,0.6856142456982793
829,0.685234093637455
830,0.6848539415766306
831,0.6844737895158064
832,0.684093637454982
833,0.6837134853941577
834,0.6833333333333333
835,0.682953181272509
836,0.6825730292116847
837,0.6821928771508603
838,0.6818127250900361
839,0.6814325730292117
840,0.6810524209683874
841,0.680672268907563
842,0.6802921168467387
843,0.6799119647859144
844,0.67953181272509
845,0.6791516606642658
846,0.6787715086034414
847,0.6783913565426171
848,0.6780112044817928
849,0.6776310524209683
850,0.6772509003601441
851,0.6768707482993197
852,0.6764905962384955
853,0.6761104441776711
854,0.6757302921168468
855,0.6753501400560225
856,0.674969987995198
857,0.6745898359343738
858,0.6742096838735494
859,0.6738295318127251
860,0.6734493797519008
861,0.6730692276910765
862,0.6726890756302522
863,0.6723089235694277
864,0.6719287715086035
865,0.6715486194477791
866,0.6711684673869548
867,0.6707883153261305
868,0.6704081632653062
869,0.6700280112044819
870,0.6696478591436574
871,0.6692677070828332
872,0.6688875550220088
873,0.6685074029611845
874,0.6681272509003602
875,0.6677470988395358
876,0.6673669467787116
877,0.6669867947178871
878,0.6666066426570629
879,0.6662264905962385
880,0.6658463385354142
881,0.6654661864745899
882,0.6650860344137655
883,0.6647058823529413
884,0.6643257302921168
885,0.6639455782312925
886,0.6635654261704682
887,0.6631852741096439
888,0.6628051220488196
889,0.6624249699879952
890,0.662044817927171
891,0.6616646658663465
892,0.6612845138055222
893,0.6609043617446979
894,0.6605242096838736
895,0.6601440576230493
896,0.6597639055622249
897,0.6593837535014007
898,0.6590036014405762
899,0.6586234493797519
900,0.6582432973189276
901,0.6578631452581032
902,0.657482993197279
903,0.6571028411364546
904,0.6567226890756303
905,0.6563425370148059
906,0.6559623849539816
907,0.6555822328931573
908,0.6552020808323329
909,0.6548219287715087
910,0.6544417767106843
911,0.65406162464986
912,0.6536814725890356
913,0.6533013205282113
914,0.652921168467387
915,0.6525410164065626
916,0.6521608643457384
917,0.651780712284914
918,0.6514005602240897
919,0.6510204081632653
920,0.650640256102441
921,0.6502601040416167
922,0.6498799519807923
923,0.6494997999199681
924,0.6491196478591437
925,0.6487394957983194
926,0.648359343737495
927,0.6479791916766706
928,0.6475990396158464
929,0.647218887555022
930,0.6468387354941977
931,0.6464585834333734
932,0.6460784313725491
933,0.6456982793117247
934,0.6453181272509003
935,0.6449379751900761
936,0.6445578231292517
937,0.6441776710684274
938,0.6437975190076031
939,0.6434173669467788
940,0.6430372148859544
941,0.64265706282513
942,0.6422769107643058
943,0.6418967587034814
944,0.6415166066426571
945,0.6411364545818328
946,0.6407563025210083
947,0.6403761504601841
948,0.6399959983993597
949,0.6396158463385355
950,0.6392356942777111
951,0.6388555422168868
952,0.6384753901560625
953,0.638095238095238
954,0.6377150860344138
955,0.6373349339735894
956,0.6369547819127651
957,0.6365746298519408
958,0.6361944777911165
959,0.6358143257302922
960,0.6354341736694678
961,0.6350540216086435
962,0.6346738695478191
963,0.6342937174869948
964,0.6339135654261705
965,0.6335334133653462
966,0.6331532613045219
967,0.6327731092436975
968,0.6323929571828732
969,0.6320128051220488
970,0.6316326530612245
971,0.6312525010004002
972,0.6308723489395758
973,0.6304921968787516
974,0.6301120448179272
975,0.6297318927571028
976,0.6293517406962785
977,0.6289715886354542
978,0.6285914365746299
979,0.6282112845138055
980,0.6278311324529813
981,0.6274509803921569
982,0.6270708283313325
983,0.6266906762705082
984,0.6263105242096839
985,0.6259303721488596
986,0.6255502200880352
987,0.625170068027211
988,0.6247899159663866
989,0.6244097639055622
990,0.6240296118447379
991,0.6236494597839136
992,0.6232693077230893
993,0.6228891556622649
994,0.6225090036014407
995,0.6221288515406163
996,0.6217486994797919
997,0.6213685474189676
998,0.6209883953581432
999,0.620608243297319
1000,0.6202280912364946
1001,0.6198479391756703
1002,0.619467787114846
1003,0.6190876350540216
1004,0.6187074829931973
1005,0.6183273309323729
1006,0.6179471788715487
1007,0.6175670268107243
1008,0.6171868747499
1009,0.6168067226890757
1010,0.6164265706282513
1011,0.616046418567427
1012,0.6156662665066026
1013,0.6152861144457784
1014,0.614905962384954
1015,0.6145258103241297
1016,0.6141456582633054
1017,0.6137655062024809
1018,0.6133853541416567
1019,0.6130052020808323
1020,0.6126250500200081
1021,0.6122448979591837
1022,0.6118647458983594
1023,0.6114845938375351
1024,0.6111044417767106
1025,0.6107242897158864
1026,0.610344137655062
1027,0.6099639855942377
1028,0.6095838335334134
1029,0.6092036814725891
1030,0.6088235294117648
1031,0.6084433773509403
1032,0.6080632252901161
1033,0.6076830732292917
1034,0.6073029211684674
1035,0.6069227691076431
1036,0.6065426170468188
1037,0.6061624649859945
1038,0.60578231292517
1039,0.6054021608643458
1040,0.6050220088035214
1041,0.6046418567426971
1042,0.6042617046818728
1043,0.6038815526210484
1044,0.6035014005602242
1045,0.6031212484993997
1046,0.6027410964385754
1047,0.6023609443777511
1048,0.6019807923169268
1049,0.6016006402561025
1050,0.6012204881952781
1051,0.6008403361344539
1052,0.6004601840736294
1053,0.6000800320128051
1054,0.5996998799519808
1055,0.5993197278911565
1056,0.5989395758303322
1057,0.5985594237695078
1058,0.5981792717086836
1059,0.5977991196478591
1060,0.5974189675870348
1061,0.5970388155262105
1062,0.5966586634653862
1063,0.5962785114045619
1064,0.5958983593437375
1065,0.5955182072829133
1066,0.5951380552220888
1067,0.5947579031612645
1068,0.5943777511004402
1069,0.5939975990396158
1070,0.5936174469787916
1071,0.5932372949179672
1072,0.5928571428571429
1073,0.5924769907963185
1074,0.5920968387354942
1075,0.5917166866746699
1076,0.5913365346138455
1077,0.5909563825530213
1078,0.5905762304921969
1079,0.5901960784313726
1080,0.5898159263705482
1081,0.5894357743097239
1082,0.5890556222488996
1083,0.5886754701880752
1084,0.588295318127251
1085,0.5879151660664266
1086,0.5875350140056023
1087,0.587154861944778
1088,0.5867747098839535
1089,0.5863945578231293
1090,0.5860144057623049
1091,0.5856342537014807
1092,0.5852541016406563
1093,0.584873949579832
1094,0.5844937975190077
1095,0.5841136454581832
1096,0.583733493397359
1097,0.5833533413365346
1098,0.5829731892757103
1099,0.582593037214886
1100,0.5822128851540617
1101,0.5818327330932374
1102,0.5814525810324129
1103,0.5810724289715887
1104,0.5806922769107643
1105,0.58031212484994
1106,0.5799319727891157
1107,0.5795518207282914
1108,0.579171668667467
1109,0.5787915166066426
1110,0.5784113645458184
1111,0.578031212484994
1112,0.5776510604241697
1113,0.5772709083633454
1114,0.576890756302521
1115,0.5765106042416968
1116,0.5761304521808723
1117,0.5757503001200481
1118,0.5753701480592237
1119,0.5749899959983994
1120,0.5746098439375751
1121,0.5742296918767507
1122,0.5738495398159265
1123,0.573469387755102
1124,0.5730892356942777
1125,0.5727090836334534
1126,0.5723289315726291
1127,0.5719487795118048
1128,0.5715686274509804
1129,0.5711884753901562
1130,0.5708083233293317
1131,0.5704281712685074
1132,0.5700480192076831
1133,0.5696678671468588
1134,0.5692877150860345
1135,0.5689075630252101
1136,0.5685274109643859
1137,0.5681472589035614
1138,0.5677671068427371
1139,0.5673869547819128
1140,0.5670068027210884
1141,0.5666266506602642
1142,0.5662464985994398
1143,0.5658663465386155
1144,0.5654861944777911
1145,0.5651060424169668
1146,0.5647258903561425
1147,0.5643457382953181
1148,0.5639655862344939
1149,0.5635854341736695
1150,0.5632052821128452
1151,0.5628251300520208
1152,0.5624449779911965
1153,0.5620648259303722
1154,0.5616846738695478
1155,0.5613045218087236
1156,0.5609243697478992
1157,0.5605442176870749
1158,0.5601640656262505
1159,0.5597839135654262
1160,0.5594037615046019
1161,0.5590236094437775
1162,0.5586434573829533
1163,0.5582633053221289
1164,0.5578831532613046
1165,0.5575030012004802
1166,0.5571228491396558
1167,0.5567426970788316
1168,0.5563625450180072
1169,0.5559823929571829
1170,0.5556022408963586
1171,0.5552220888355343
1172,0.5548419367747099
1173,0.5544617847138855
1174,0.5540816326530613
1175,0.5537014805922369
1176,0.5533213285314126
1177,0.5529411764705883
1178,0.552561024409764
1179,0.5521808723489396
1180,0.5518007202881152
1181,0.551420568227291
1182,0.5510404161664666
1183,0.5506602641056423
1184,0.550280112044818
1185,0.5498999599839935
1186,0.5495198079231693
1187,0.5491396558623449
1188,0.5487595038015207
1189,0.5483793517406963
1190,0.547999199679872
1191,0.5476190476190477
1192,0.5472388955582232
1193,0.546858743497399
1194,0.5464785914365746
1195,0.5460984393757503
1196,0.545718287314926
1197,0.5453381352541017
1198,0.5449579831932774
1199,0.544577831132453
1200,0.5441976790716287
1201,0.5438175270108043
1202,0.54343737494998
1203,0.5430572228891557
1204,0.5426770708283314
1205,0.5422969187675071
1206,0.5419167667066827
1207,0.5415366146458584
1208,0.541156462585034
1209,0.5407763105242097
1210,0.5403961584633854
1211,0.540016006402561
1212,0.5396358543417368
1213,0.5392557022809124
1214,0.538875550220088
1215,0.5384953981592637
1216,0.5381152460984394
1217,0.5377350940376151
1218,0.5373549419767907
1219,0.5369747899159665
1220,0.536594637855142
1221,0.5362144857943177
1222,0.5358343337334934
1223,0.5354541816726691
1224,0.5350740296118448
1225,0.5346938775510204
1226,0.5343137254901962
1227,0.5339335734293718
1228,0.5335534213685474
1229,0.5331732693077231
1230,0.5327931172468988
1231,0.5324129651860745
1232,0.5320328131252501
1233,0.5316526610644259
1234,0.5312725090036015
1235,0.5308923569427771
1236,0.5305122048819528
1237,0.5301320528211284
1238,0.5297519007603042
1239,0.5293717486994798
1240,0.5289915966386555
1241,0.5286114445778312
1242,0.5282312925170068
1243,0.5278511404561825
1244,0.5274709883953581
1245,0.5270908363345339
1246,0.5267106842737095
1247,0.5263305322128852
1248,0.5259503801520609
1249,0.5255702280912365
1250,0.5251900760304122
1251,0.5248099239695878
1252,0.5244297719087636
1253,0.5240496198479392
1254,0.5236694677871149
1255,0.5232893157262906
1256,0.5229091636654661
1257,0.5225290116046419
1258,0.5221488595438175
1259,0.5217687074829933
1260,0.5213885554221689
1261,0.5210084033613446
1262,0.5206282513005203
1263,0.5202480992396958
1264,0.5198679471788716
1265,0.5194877951180472
1266,0.5191076430572229
1267,0.5187274909963986
1268,0.5183473389355743
1269,0.51796718687475
1270,0.5175870348139255
1271,0.5172068827531013
1272,0.5168267306922769
1273,0.5164465786314526
1274,0.5160664265706283
1275,0.515686274509804
1276,0.5153061224489797
1277,0.5149259703881552
1278,0.514545818327331
1279,0.5141656662665066
1280,0.5137855142056823
1281,0.513405362144858
1282,0.5130252100840336
1283,0.5126450580232094
1284,0.5122649059623849
1285,0.5118847539015607
1286,0.5115046018407363
1287,0.511124449779912
1288,0.5107442977190877
1289,0.5103641456582633
1290,0.5099839935974391
1291,0.5096038415366146
1292,0.5092236894757903
1293,0.508843537414966
1294,0.5084633853541417
1295,0.5080832332933174
1296,0.507703081232493
1297,0.5073229291716688
1298,0.5069427771108443
1299,0.50656262505002
1300,0.5061824729891957
1301,0.5058023209283714
1302,0.5054221688675471
1303,0.5050420168067227
1304,0.5046618647458985
1305,0.504281712685074
1306,0.5039015606242497
1307,0.5035214085634254
1308,0.503141256502601
1309,0.5027611044417768
1310,0.5023809523809524
1311,0.5020008003201281
1312,0.5016206482593037
1313,0.5012404961984794
1314,0.5008603441376551
1315,0.5004801920768307
1316,0.5001000400160065
1317,0.4997198879551821
1318,0.49933973589435776
1319,0.49895958383353345
1320,0.49857943177270914
1321,0.4981992797118848
1322,0.4978191276510605
1323,0.4974389755902361
1324,0.4970588235294118
1325,0.49667867146858746
1326,0.49629851940776315
1327,0.49591836734693884
1328,0.4955382152861145
1329,0.4951580632252901
1330,0.4947779111644658
1331,0.4943977591036415
1332,0.49401760704281716
1333,0.49363745498199285
1334,0.49325730292116854
1335,0.4928771508603442
1336,0.4924969987995198
1337,0.4924969987995198
1338,0.4921168467386955
1339,0.4917366946778712
1340,0.49135654261704687
1341,0.49097639055622255
1342,0.49059623849539824
1343,0.4902160864345738
1344,0.4898359343737495
1345,0.4894557823129252
1346,0.4890756302521009
1347,0.48869547819127657
1348,0.48831532613045225
1349,0.48793517406962794
1350,0.4875550220088035
1351,0.4871748699479792
1352,0.4867947178871549
1353,0.4864145658263306
1354,0.48603441376550627
1355,0.48565426170468196
1356,0.48527410964385753
1357,0.4848939575830332
1358,0.4845138055222089
1359,0.4841336534613846
1360,0.4837535014005603
1361,0.48337334933973597
1362,0.48299319727891155
1363,0.48261304521808723
1364,0.4822328931572629
1365,0.4818527410964386
1366,0.4814725890356143
1367,0.48109243697479
1368,0.48071228491396567
1369,0.48033213285314125
1370,0.47995198079231693
1371,0.4795718287314926
1372,0.4791916766706683
1373,0.478811524609844
1374,0.4784313725490197
1375,0.47805122048819526
1376,0.47767106842737095
1377,0.47729091636654664
1378,0.4769107643057223
1379,0.476530612244898
1380,0.4761504601840737
1381,0.4757703081232494
1382,0.47539015606242496
1383,0.47501000400160065
1384,0.47462985194077634
1385,0.474249699879952
1386,0.4738695478191277
1387,0.4734893957583034
1388,0.473109243697479
1389,0.47272909163665466
1390,0.47234893957583035
1391,0.47196878751500604
1392,0.4715886354541817
1393,0.4712084833933574
1394,0.4708283313325331
1395,0.4704481792717087
1396,0.47006802721088436
1397,0.46968787515006005
1398,0.46930772308923574
1399,0.4689275710284114
1400,0.4685474189675871
1401,0.4681672669067627
1402,0.4677871148459384
1403,0.46740696278511407
1404,0.46702681072428975
1405,0.46664665866346544
1406,0.46626650660264113
1407,0.4658863545418168
1408,0.4655062024809924
1409,0.4651260504201681
1410,0.46474589835934377
1411,0.46436574629851946
1412,0.46398559423769514
1413,0.46360544217687083
1414,0.4632252901160464
1415,0.4628451380552221
1416,0.4624649859943978
1417,0.46208483393357347
1418,0.46170468187274916
1419,0.46132452981192484
1420,0.46094437775110053
1421,0.4605642256902761
1422,0.4601840736294518
1423,0.4598039215686275
1424,0.45942376950780317
1425,0.45904361744697886
1426,0.45866346538615455
1427,0.4582833133253301
1428,0.4579031612645058
1429,0.4575230092036815
1430,0.4571428571428572
1431,0.45676270508203287
1432,0.45638255302120856
1433,0.45600240096038425
1434,0.4556222488995598
1435,0.4552420968387355
1436,0.4548619447779112
1437,0.4544817927170869
1438,0.4541016406562626
1439,0.45372148859543826
1440,0.45334133653461384
1441,0.4529611844737895
1442,0.4525810324129652
1443,0.4522008803521409
1444,0.4518207282913166
1445,0.4514405762304923
1446,0.45106042416966785
1447,0.45068027210884354
1448,0.4503001200480192
1449,0.4499199679871949
1450,0.4495398159263706
1451,0.4491596638655463
1452,0.448779511804722
1453,0.44839935974389755
1454,0.44801920768307324
1455,0.4476390556222489
1456,0.4472589035614246
1457,0.4468787515006003
1458,0.446498599439776
1459,0.44611844737895157
1460,0.44573829531812725
1461,0.44535814325730294
1462,0.44497799119647863
1463,0.4445978391356543
1464,0.44421768707483
1465,0.4438375350140057
1466,0.44345738295318127
1467,0.44307723089235695
1468,0.44269707883153264
1469,0.44231692677070833
1470,0.441936774709884
1471,0.4415566226490597
1472,0.4411764705882353
1473,0.44079631852741097
1474,0.44041616646658666
1475,0.44003601440576234
1476,0.43965586234493803
1477,0.4392757102841137
1478,0.4388955582232894
1479,0.438515406162465
1480,0.43813525410164067
1481,0.43775510204081636
1482,0.43737494997999204
1483,0.43699479791916773
1484,0.4366146458583434
1485,0.436234493797519
1486,0.4358543417366947
1487,0.43547418967587037
1488,0.43509403761504606
1489,0.43471388555422175
1490,0.43433373349339743
1491,0.4339535814325731
1492,0.4335734293717487
1493,0.4331932773109244
1494,0.4328131252501001
1495,0.43243297318927576
1496,0.43205282112845145
1497,0.43167266906762713
1498,0.4312925170068027
1499,0.4309123649459784
1500,0.4305322128851541
1501,0.4301520608243298
1502,0.42977190876350546
1503,0.42939175670268115
1504,0.42901160464185684
1505,0.4286314525810324
1506,0.4282513005202081
1507,0.4278711484593838
1508,0.4274909963985595
1509,0.42711084433773516
1510,0.42673069227691085
1511,0.4263505402160864
1512,0.4259703881552621
1513,0.4255902360944378
1514,0.4252100840336135
1515,0.4248299319727892
1516,0.42444977991196486
1517,0.42406962785114055
1518,0.42368947579031613
1519,0.4233093237294918
1520,0.4229291716686675
1521,0.4225490196078432
1522,0.4221688675470189
1523,0.42178871548619457
1524,0.42140856342537014
1525,0.42102841136454583
1526,0.4206482593037215
1527,0.4202681072428972
1528,0.4198879551820729
1529,0.4195078031212486
1530,0.41912765106042416
1531,0.41874749899959984
1532,0.41836734693877553
1533,0.4179871948779512
1534,0.4176070428171269
1535,0.4172268907563026
1536,0.4168467386954783
1537,0.41646658663465386
1538,0.41608643457382954
1539,0.41570628251300523
1540,0.4153261304521809
1541,0.4149459783913566
1542,0.4145658263305323
1543,0.41418567426970787
1544,0.41380552220888356
1545,0.41342537014805925
1546,0.41304521808723493
1547,0.4126650660264106
1548,0.4122849139655863
1549,0.411904761904762
1550,0.41152460984393757
1551,0.41114445778311326
1552,0.41076430572228895
1553,0.41038415366146463
1554,0.4100040016006403
1555,0.409623849539816
1556,0.4092436974789916
1557,0.4088635454181673
1558,0.40848339335734296
1559,0.40810324129651865
1560,0.40772308923569434
1561,0.40734293717487
1562,0.4069627851140457
1563,0.4065826330532213
1564,0.406202480992397
1565,0.40582232893157266
1566,0.40544217687074835
1567,0.40506202480992404
1568,0.4046818727490997
1569,0.4043017206882753
1570,0.403921568627451
1571,0.4035414165666267
1572,0.40316126450580236
1573,0.40278111244497805
1574,0.40240096038415374
1575,0.4020208083233294
1576,0.401640656262505
1577,0.4012605042016807
1578,0.4008803521408564
1579,0.40050020008003206
1580,0.40012004801920775
1581,0.39973989595838344
1582,0.399359743897559
1583,0.3989795918367347
1584,0.3985994397759104
1585,0.3982192877150861
1586,0.39783913565426177
1587,0.39745898359343745
1588,0.39707883153261314
1589,0.3966986794717887
1590,0.3963185274109644
1591,0.3959383753501401
1592,0.3955582232893158
1593,0.39517807122849147
1594,0.39479791916766716
1595,0.39441776710684273
1596,0.3940376150460184
1597,0.3936574629851941
1598,0.3932773109243698
1599,0.3928971588635455
1600,0.39251700680272117
1601,0.39213685474189675
1602,0.39175670268107243
1603,0.3913765506202481
1604,0.3909963985594238
1605,0.3906162464985995
1606,0.3902360944377752
1607,0.38985594237695087
1608,0.38947579031612645
1609,0.38909563825530213
1610,0.3887154861944778
1611,0.3883353341336535
1612,0.3879551820728292
1613,0.3875750300120049
1614,0.38719487795118046
1615,0.38681472589035615
1616,0.38643457382953184
1617,0.3860544217687075
1618,0.3856742697078832
1619,0.3852941176470589
1620,0.3849139655862346
1621,0.38453381352541016
1622,0.38415366146458585
1623,0.38377350940376154
1624,0.3833933573429372
1625,0.3830132052821129
1626,0.3826330532212886
1627,0.3822529011604642
1628,0.38187274909963986
1629,0.38149259703881555
1630,0.38111244497799124
1631,0.3807322929171669
1632,0.3803521408563426
1633,0.3799719887955183
1634,0.3795918367346939
1635,0.37921168467386956
1636,0.37883153261304525
1637,0.37845138055222094
1638,0.3780712284913966
1639,0.3776910764305723
1640,0.3773109243697479
1641,0.3769307723089236
1642,0.37655062024809927
1643,0.37617046818727495
1644,0.37579031612645064
1645,0.37541016406562633
1646,0.375030012004802
1647,0.3746498599439776
1648,0.3742697078831533
1649,0.37388955582232897
1650,0.37350940376150465
1651,0.37312925170068034
1652,0.37274909963985603
1653,0.3723689475790316
1654,0.3719887955182073
1655,0.371608643457383
1656,0.37122849139655867
1657,0.37084833933573436
1658,0.37046818727491004
1659,0.37008803521408573
1660,0.3697078831532613
1661,0.369327731092437
1662,0.3689475790316127
1663,0.36856742697078837
1664,0.36818727490996406
1665,0.36780712284913974
1666,0.3674269707883153
1667,0.367046818727491
1668,0.3666666666666667
1669,0.3662865146058424
1670,0.36590636254501807
1671,0.36552621048419376
1672,0.36514605842336945
1673,0.364765906362545
1674,0.3643857543017207
1675,0.3640056022408964
1676,0.3636254501800721
1677,0.3632452981192478
1678,0.36286514605842346
1679,0.36248499399759904
1680,0.3621048419367747
1681,0.3617246898759504
1682,0.3613445378151261
1683,0.3609643857543018
1684,0.3605842336934775
1685,0.36020408163265305
1686,0.35982392957182874
1687,0.3594437775110044
1688,0.3590636254501801
1689,0.3586834733893558
1690,0.3583033213285315
1691,0.3579231692677072
1692,0.35754301720688275
1693,0.35716286514605844
1694,0.3567827130852341
1695,0.3564025610244098
1696,0.3560224089635855
1697,0.3556422569027612
1698,0.35526210484193677
1699,0.35488195278111245
1700,0.35450180072028814
1701,0.35412164865946383
1702,0.3537414965986395
1703,0.3533613445378152
1704,0.3529811924769909
1705,0.35260104041616647
1706,0.35222088835534215
1707,0.35184073629451784
1708,0.35146058423369353
1709,0.3510804321728692
1710,0.3507002801120449
1711,0.3503201280512205
1712,0.34993997599039617
1713,0.34955982392957186
1714,0.34917967186874754
1715,0.34879951980792323
1716,0.3484193677470989
1717,0.3480392156862746
1718,0.3476590636254502
1719,0.34727891156462587
1720,0.34689875950380156
1721,0.34651860744297724
1722,0.34613845538215293
1723,0.3457583033213286
1724,0.3453781512605042
1725,0.3449979991996799
1726,0.34461784713885557
1727,0.34423769507803126
1728,0.34385754301720695
1729,0.34347739095638263
1730,0.3430972388955583
1731,0.3427170868347339
1732,0.3423369347739096
1733,0.34195678271308527
1734,0.34157663065226096
1735,0.34119647859143665
1736,0.34081632653061233
1737,0.3404361744697879
1738,0.3400560224089636
1739,0.3396758703481393
1740,0.339295718287315
1741,0.33891556622649066
1742,0.33853541416566635
1743,0.33815526210484204
1744,0.3377751100440176
1745,0.3373949579831933
1746,0.337014805922369
1747,0.3366346538615447
1748,0.33625450180072036
1749,0.33587434973989605
1750,0.3354941976790716
1751,0.3351140456182473
1752,0.334733893557423
1753,0.3343537414965987
1754,0.3339735894357744
1755,0.33359343737495006
1756,0.33321328531412575
1757,0.3328331332533013
1758,0.332452981192477
1759,0.3320728291316527
1760,0.3316926770708284
1761,0.3313125250100041
1762,0.33093237294917976
1763,0.33055222088835534
1764,0.33017206882753103
1765,0.3297919167667067
1766,0.3294117647058824
1767,0.3290316126450581
1768,0.3286514605842338
1769,0.32827130852340936
1770,0.32789115646258504
1771,0.32751100440176073
1772,0.3271308523409364
1773,0.3267507002801121
1774,0.3263705482192878
1775,0.3259903961584635
1776,0.32561024409763906
1777,0.32523009203681474
1778,0.32484993997599043
1779,0.3244697879151661
1780,0.3240896358543418
1781,0.3237094837935175
1782,0.32332933173269307
1783,0.32294917967186876
1784,0.32256902761104445
1785,0.32218887555022013
1786,0.3218087234893958
1787,0.3214285714285715
1788,0.3210484193677472
1789,0.32066826730692277
1790,0.32028811524609846
1791,0.31990796318527415
1792,0.31952781112444983
1793,0.3191476590636255
1794,0.3187675070028012
1795,0.3183873549419768
1796,0.3180072028811525
1797,0.31762705082032816
1798,0.31724689875950385
1799,0.31686674669867954
1800,0.3164865946378552
1801,0.3161064425770309
1802,0.3157262905162065
1803,0.3153461384553822
1804,0.31496598639455786
1805,0.31458583433373355
1806,0.31420568227290924
1807,0.3138255302120849
1808,0.3134453781512605
1809,0.3130652260904362
1810,0.3126850740296119
1811,0.31230492196878756
1812,0.31192476990796325
1813,0.31154461784713894
1814,0.3111644657863146
1815,0.3107843137254902
1816,0.3104041616646659
1817,0.3100240096038416
1818,0.30964385754301726
1819,0.30926370548219295
1820,0.30888355342136864
1821,0.3085034013605442
1822,0.3085034013605442
1823,0.3081232492997199
1824,0.3077430972388956
1825,0.3073629451780713
1826,0.30698279311724697
1827,0.30660264105642265
1828,0.30622248899559834
1829,0.3058423369347739
1830,0.3054621848739496
1831,0.3050820328131253
1832,0.304701880752301
1833,0.30432172869147667
1834,0.30394157663065235
1835,0.30356142456982793
1836,0.3031812725090036
1837,0.3028011204481793
1838,0.302420968387355
1839,0.3020408163265307
1840,0.30166066426570637
1841,0.30128051220488206
1842,0.30090036014405763
1843,0.3005202080832333
1844,0.300140056022409
1845,0.2997599039615847
1846,0.2993797519007604
1847,0.29899959983993607
1848,0.29861944777911165
1849,0.29823929571828733
1850,0.297859143657463
1851,0.2974789915966387
1852,0.2970988395358144
1853,0.2967186874749901
1854,0.29633853541416566
1855,0.29595838335334135
1856,0.29557823129251704
1857,0.2951980792316927
1858,0.2948179271708684
1859,0.2944377751100441
1860,0.2940576230492198
1861,0.29367747098839536
1862,0.29329731892757105
1863,0.29291716686674674
1864,0.2925370148059224
1865,0.2921568627450981
1866,0.2917767106842738
1867,0.2913965586234494
1868,0.29101640656262506
1869,0.29063625450180075
1870,0.29025610244097644
1871,0.2898759503801521
1872,0.2894957983193278
1873,0.2891156462585035
1874,0.2887354941976791
1875,0.28835534213685476
1876,0.28797519007603045
1877,0.28759503801520614
1878,0.2872148859543818
1879,0.2868347338935575
1880,0.2864545818327331
1881,0.2860744297719088
1882,0.28569427771108447
1883,0.28531412565026015
1884,0.28493397358943584
1885,0.28455382152861153
1886,0.2841736694677872
1887,0.2837935174069628
1888,0.2834133653461385
1889,0.28303321328531417
1890,0.28265306122448985
1891,0.28227290916366554
1892,0.28189275710284123
1893,0.2815126050420168
1894,0.2811324529811925
1895,0.2807523009203682
1896,0.28037214885954387
1897,0.27999199679871956
1898,0.27961184473789524
1899,0.27923169267707093
1900,0.2788515406162465
1901,0.2784713885554222
1902,0.2780912364945979
1903,0.27771108443377357
1904,0.27733093237294926
1905,0.27695078031212494
1906,0.2765706282513005
1907,0.2761904761904762
1908,0.2758103241296519
1909,0.2754301720688276
1910,0.27505002000800327
1911,0.27466986794717896
1912,0.27428971588635465
1913,0.2739095638255302
1914,0.2735294117647059
1915,0.2731492597038816
1916,0.2727691076430573
1917,0.27238895558223297
1918,0.27200880352140866
1919,0.27162865146058424
1920,0.2712484993997599
1921,0.2708683473389356
1922,0.2704881952781113
1923,0.270108043217287
1924,0.2697278911564627
1925,0.26934773909563836
1926,0.26896758703481394
1927,0.2685874349739896
1928,0.2682072829131653
1929,0.267827130852341
1930,0.2674469787915167
1931,0.2670668267306924
1932,0.26668667466986795
1933,0.26630652260904364
1934,0.2659263705482193
1935,0.265546218487395
1936,0.2651660664265707
1937,0.2647859143657464
1938,0.26440576230492197
1939,0.26402561024409765
1940,0.26364545818327334
1941,0.263265306122449
1942,0.2628851540616247
1943,0.2625050020008004
1944,0.2621248499399761
1945,0.26174469787915167
1946,0.26136454581832735
1947,0.26098439375750304
1948,0.26060424169667873
1949,0.2602240896358544
1950,0.2598439375750301
1951,0.2594637855142057
1952,0.25908363345338137
1953,0.25870348139255706
1954,0.25832332933173274
1955,0.25794317727090843
1956,0.2575630252100841
1957,0.2571828731492598
1958,0.2568027210884354
1959,0.25642256902761107
1960,0.25604241696678676
1961,0.25566226490596244
1962,0.25528211284513813
1963,0.2549019607843138
1964,0.2545218087234894
1965,0.2541416566626651
1966,0.25376150460184077
1967,0.25338135254101646
1968,0.25300120048019215
1969,0.25262104841936783
1970,0.2522408963585435
1971,0.2518607442977191
1972,0.2514805922368948
1973,0.25110044017607047
1974,0.25072028811524616
1975,0.25034013605442185
1976,0.24995998399359753
1977,0.2495798319327731
1978,0.2491996798719488
1979,0.24881952781112449
1980,0.24843937575030017
1981,0.24805922368947586
1982,0.24767907162865155
1983,0.24729891956782724
1984,0.2469187675070028
1985,0.2465386154461785
1986,0.2461584633853542
1987,0.24577831132452987
1988,0.24539815926370556
1989,0.24501800720288125
1990,0.24463785514205683
1991,0.2442577030812325
1992,0.2438775510204082
1993,0.2434973989595839
1994,0.24311724689875958
1995,0.24273709483793526
1996,0.24235694277711095
1997,0.24197679071628653
1998,0.24159663865546221
1999,0.2412164865946379
2000,0.2408363345338136
2001,0.24045618247298928
2002,0.24007603041216496
2003,0.23969587835134054
2004,0.23931572629051623
2005,0.23893557422969192
2006,0.2385554221688676
2007,0.2381752701080433
2008,0.23779511804721898
2009,0.23741496598639467
2010,0.23703481392557024
2011,0.23665466186474593
2012,0.23627450980392162
2013,0.2358943577430973
2014,0.235514205682273
2015,0.23513405362144868
2016,0.23475390156062426
2017,0.23437374949979994
2018,0.23399359743897563
2019,0.23361344537815132
2020,0.233233293317327
2021,0.2328531412565027
2022,0.23247298919567827
2023,0.23209283713485396
2024,0.23171268507402965
2025,0.23133253301320533
2026,0.23095238095238102
2027,0.2305722288915567
2028,0.2301920768307324
2029,0.22981192476990797
2030,0.22943177270908366
2031,0.22905162064825935
2032,0.22867146858743503
2033,0.22829131652661072
2034,0.2279111644657864
2035,0.22753101240496199
2036,0.22715086034413767
2037,0.22677070828331336
2038,0.22639055622248905
2039,0.22601040416166474
2040,0.22563025210084042
2041,0.2252501000400161
2042,0.2248699479791917
2043,0.22448979591836737
2044,0.22410964385754306
2045,0.22372949179671875
2046,0.22334933973589444
2047,0.22296918767507012
2048,0.2225890356142457
2049,0.2222088835534214
2050,0.22182873149259708
2051,0.22144857943177276
2052,0.22106842737094845
2053,0.22068827531012414
2054,0.22030812324929983
2055,0.2199279711884754
2056,0.2195478191276511
2057,0.21916766706682678
2058,0.21878751500600246
2059,0.21840736294517815
2060,0.21802721088435384
2061,0.21764705882352942
2062,0.2172669067627051
2063,0.2168867547018808
2064,0.21650660264105648
2065,0.21612645058023217
2066,0.21574629851940785
2067,0.21536614645858354
2068,0.21498599439775912
2069,0.2146058423369348
2070,0.2142256902761105
2071,0.21384553821528618
2072,0.21346538615446187
2073,0.21308523409363755
2074,0.21270508203281313
2075,0.21232492997198882
2076,0.2119447779111645
2077,0.2115646258503402
2078,0.21118447378951588
2079,0.21080432172869157
2080,0.21042416966786726
2081,0.21004401760704283
2082,0.20966386554621852
2083,0.2092837134853942
2084,0.2089035614245699
2085,0.20852340936374558
2086,0.20814325730292127
2087,0.20776310524209685
2088,0.20738295318127253
2089,0.20700280112044822
2090,0.2066226490596239
2091,0.2062424969987996
2092,0.20586234493797528
2093,0.20548219287715086
2094,0.20510204081632655
2095,0.20472188875550223
2096,0.20434173669467792
2097,0.2039615846338536
2098,0.2035814325730293
2099,0.20320128051220498
2100,0.20282112845138056
2101,0.20244097639055625
2102,0.20206082432973194
2103,0.20168067226890762
2104,0.2013005202080833
2105,0.200920368147259
2106,0.20054021608643458
2107,0.20016006402561026
2108,0.19977991196478595
2109,0.19939975990396164
2110,0.19901960784313732
2111,0.198639455782313
2112,0.1982593037214887
2113,0.19787915166066428
2114,0.19749899959983996
2115,0.19711884753901565
2116,0.19673869547819134
2117,0.19635854341736703
2118,0.1959783913565427
2119,0.1955982392957183
2120,0.19521808723489398
2121,0.19483793517406967
2122,0.19445778311324535
2123,0.19407763105242104
2124,0.19369747899159673
2125,0.19331732693077242
2126,0.192937174869948
2127,0.19255702280912368
2128,0.19217687074829937
2129,0.19179671868747505
2130,0.19141656662665074
2131,0.19103641456582643
2132,0.190656262505002
2133,0.1902761104441777
2134,0.18989595838335338
2135,0.18951580632252907
2136,0.18913565426170476
2137,0.18875550220088044
2138,0.18837535014005613
2139,0.1879951980792317
2140,0.1876150460184074
2141,0.18723489395758308
2142,0.18685474189675877
2143,0.18647458983593446
2144,0.18609443777511014
2145,0.18571428571428572
2146,0.1853341336534614
2147,0.1849539815926371
2148,0.18457382953181278
2149,0.18419367747098847
2150,0.18381352541016416
2151,0.18343337334933985
2152,0.18305322128851542
2153,0.1826730692276911
2154,0.1822929171668668
2155,0.18191276510604248
2156,0.18153261304521817
2157,0.18115246098439386
2158,0.18077230892356944
2159,0.18039215686274512
2160,0.1800120048019208
2161,0.1796318527410965
2162,0.17925170068027219
2163,0.17887154861944787
2164,0.17849139655862356
2165,0.17811124449779914
2166,0.17773109243697482
2167,0.1773509403761505
2168,0.1769707883153262
2169,0.1765906362545019
2170,0.17621048419367757
2171,0.17583033213285315
2172,0.17545018007202884
2173,0.17507002801120453
2174,0.1746898759503802
2175,0.1743097238895559
2176,0.1739295718287316
2177,0.17354941976790716
2178,0.17316926770708285
2179,0.17278911564625854
2180,0.17240896358543423
2181,0.17202881152460991
2182,0.1716486594637856
2183,0.1712685074029613
2184,0.17088835534213687
2185,0.17050820328131255
2186,0.17012805122048824
2187,0.16974789915966393
2188,0.16936774709883962
2189,0.1689875950380153
2190,0.16860744297719088
2191,0.16822729091636657
2192,0.16784713885554225
2193,0.16746698679471794
2194,0.16708683473389363
2195,0.16670668267306932
2196,0.166326530612245
2197,0.16594637855142058
2198,0.16556622649059627
2199,0.16518607442977196
2200,0.16480592236894764
2201,0.16442577030812333
2202,0.16404561824729902
2203,0.1636654661864746
2204,0.16328531412565028
2205,0.16290516206482597
2206,0.16252501000400166
2207,0.16214485794317735
2208,0.16176470588235303
2209,0.16138455382152872
2210,0.1610044017607043
2211,0.16062424969987998
2212,0.16024409763905567
2213,0.15986394557823136
2214,0.15948379351740705
2215,0.15910364145658273
2216,0.1587234893957583
2217,0.158343337334934
2218,0.15796318527410969
2219,0.15758303321328537
2220,0.15720288115246106
2221,0.15682272909163675
2222,0.15644257703081244
2223,0.156062424969988
2224,0.1556822729091637
2225,0.1553021208483394
2226,0.15492196878751507
2227,0.15454181672669076
2228,0.15416166466586645
2229,0.15378151260504203
2230,0.1534013605442177
2231,0.1530212084833934
2232,0.1526410564225691
2233,0.15226090436174478
2234,0.15188075230092046
2235,0.15150060024009615
2236,0.15112044817927173
2237,0.15074029611844741
2238,0.1503601440576231
2239,0.1499799919967988
2240,0.14959983993597448
2241,0.14921968787515016
2242,0.14883953581432574
2243,0.14845938375350143
2244,0.14807923169267712
2245,0.1476990796318528
2246,0.1473189275710285
2247,0.14693877551020418
2248,0.14655862344937987
2249,0.14617847138855544
2250,0.14579831932773113
2251,0.14541816726690682
2252,0.1450380152060825
2253,0.1446578631452582
2254,0.14427771108443388
2255,0.14389755902360946
2256,0.14351740696278514
2257,0.14313725490196083
2258,0.14275710284113652
2259,0.1423769507803122
2260,0.1419967987194879
2261,0.14161664665866347
2262,0.14123649459783916
2263,0.14085634253701484
2264,0.14047619047619053
2265,0.14009603841536622
2266,0.1397158863545419
2267,0.1393357342937176
2268,0.13895558223289317
2269,0.13857543017206886
2270,0.13819527811124455
2271,0.13781512605042023
2272,0.13743497398959592
2273,0.1370548219287716
2274,0.13667466986794718
2275,0.13629451780712287
2276,0.13591436574629856
2277,0.13553421368547425
2278,0.13515406162464993
2279,0.13477390956382562
2280,0.1343937575030013
2281,0.1340136054421769
2282,0.13363345338135257
2283,0.13325330132052826
2284,0.13287314925970395
2285,0.13249299719887964
2286,0.13211284513805532
2287,0.1317326930772309
2288,0.1313525410164066
2289,0.13097238895558228
2290,0.13059223689475796
2291,0.13021208483393365
2292,0.12983193277310934
2293,0.12945178071228503
2294,0.1290716286514606
2295,0.1286914765906363
2296,0.12831132452981198
2297,0.12793117246898766
2298,0.12755102040816335
2299,0.12717086834733904
2300,0.12679071628651462
2301,0.1264105642256903
2302,0.126030412164866
2303,0.12565026010404168
2304,0.12527010804321737
2305,0.12488995598239305
2306,0.12450980392156874
2307,0.12412965186074432
2308,0.12374949979992
2309,0.12336934773909569
2310,0.12298919567827138
2311,0.12260904361744707
2312,0.12222889155662275
2313,0.12184873949579833
2314,0.12146858743497402
2315,0.1210884353741497
2316,0.12070828331332539
2317,0.12032813125250108
2318,0.11994797919167677
2319,0.11956782713085246
2320,0.11918767507002803
2321,0.11880752300920372
2322,0.1184273709483794
2323,0.1180472188875551
2324,0.11766706682673078
2325,0.11728691476590647
2326,0.11690676270508205
2327,0.11652661064425773
2328,0.11614645858343342
2329,0.11576630652260911
2330,0.1153861544617848
2331,0.11500600240096048
2332,0.11462585034013617
2333,0.11424569827931175
2334,0.11386554621848743
2335,0.11348539415766312
2336,0.11310524209683881
2337,0.1127250900360145
2338,0.11234493797519018
2339,0.11196478591436576
2340,0.11158463385354145
2341,0.11120448179271714
2342,0.11082432973189282
2343,0.11044417767106851
2344,0.1100640256102442
2345,0.10968387354941977
2346,0.10930372148859546
2347,0.10892356942777115
2348,0.10854341736694684
2349,0.10816326530612252
2350,0.10778311324529821
2351,0.1074029611844739
2352,0.10702280912364948
2353,0.10664265706282516
2354,0.10626250500200085
2355,0.10588235294117654
2356,0.10550220088035223
2357,0.10512204881952791
2358,0.10474189675870349
2359,0.10436174469787918
2360,0.10398159263705486
2361,0.10360144057623055
2362,0.10322128851540624
2363,0.10284113645458193
2364,0.10246098439375761
2365,0.10208083233293319
2366,0.10170068027210888
2367,0.10132052821128457
2368,0.10094037615046025
2369,0.10056022408963594
2370,0.10018007202881163
2371,0.0997999199679872
2372,0.09941976790716289
2373,0.09903961584633858
2374,0.09865946378551427
2375,0.09827931172468996
2376,0.09789915966386564
2377,0.09751900760304133
2378,0.0971388555422169
2379,0.0967587034813926
2380,0.09637855142056828
2381,0.09599839935974397
2382,0.09561824729891966
2383,0.09523809523809534
2384,0.09485794317727092
2385,0.09447779111644661
2386,0.0940976390556223
2387,0.09371748699479798
2388,0.09333733493397367
2389,0.09295718287314936
2390,0.09257703081232505
2391,0.09219687875150062
2392,0.09181672669067631
2393,0.091436574629852
2394,0.09105642256902768
2395,0.09067627050820337
2396,0.09029611844737906
2397,0.08991596638655464
2398,0.08953581432573032
2399,0.08915566226490601
2400,0.0887755102040817
2401,0.08839535814325739
2402,0.08801520608243307
2403,0.08763505402160876
2404,0.08725490196078434
2405,0.08687474989996002
2406,0.08649459783913571
2407,0.0861144457783114
2408,0.08573429371748709
2409,0.08535414165666277
2410,0.08497398959583835
2411,0.08459383753501404
2412,0.08421368547418973
2413,0.08383353341336541
2414,0.0834533813525411
2415,0.08307322929171679
2416,0.08269307723089248
2417,0.08231292517006805
2418,0.08193277310924374
2419,0.08155262104841943
2420,0.08117246898759511
2421,0.0807923169267708
2422,0.08041216486594649
2423,0.08003201280512207
2424,0.07965186074429775
2425,0.07927170868347344
2426,0.07889155662264913
2427,0.07851140456182482
2428,0.0781312525010005
2429,0.07775110044017608
2430,0.07737094837935177
2431,0.07699079631852745
2432,0.07661064425770314
2433,0.07623049219687883
2434,0.07585034013605452
2435,0.0754701880752302
2436,0.07509003601440578
2437,0.07470988395358147
2438,0.07432973189275716
2439,0.07394957983193284
2440,0.07356942777110853
2441,0.07318927571028422
2442,0.0728091236494598
2443,0.07242897158863548
2444,0.07204881952781117
2445,0.07166866746698686
2446,0.07128851540616254
2447,0.07090836334533823
2448,0.07052821128451392
2449,0.0701480592236895
2450,0.06976790716286518
2451,0.06938775510204087
2452,0.06900760304121656
2453,0.06862745098039225
2454,0.06824729891956793
2455,0.06786714685874351
2456,0.0674869947979192
2457,0.06710684273709489
2458,0.06672669067627057
2459,0.06634653861544626
2460,0.06596638655462195
2461,0.06558623449379763
2462,0.06520608243297321
2463,0.0648259303721489
2464,0.06444577831132459
2465,0.06406562625050027
2466,0.06368547418967596
2467,0.06330532212885165
2468,0.06292517006802723
2469,0.06254501800720291
2470,0.0621648659463786
2471,0.06178471388555429
2472,0.061404561824729975
2473,0.06102440976390566
2474,0.06064425770308135
2475,0.06026410564225693
2476,0.059883953581432614
2477,0.0595038015206083
2478,0.05912364945978399
2479,0.058743497398959676
2480,0.058363345338135364
2481,0.05798319327731094
2482,0.05760304121648663
2483,0.057222889155662315
2484,0.056842737094838
2485,0.05646258503401369
2486,0.05608243297318938
2487,0.055702280912365065
2488,0.05532212885154064
2489,0.05494197679071633
2490,0.05456182472989202
2491,0.054181672669067704
2492,0.05380152060824339
2493,0.05342136854741908
2494,0.053041216486594656
2495,0.05266106442577034
2496,0.05228091236494603
2497,0.05190076030412172
2498,0.051520608243297406
2499,0.05114045618247309
2500,0.05076030412164878
2501,0.05038015206082436
2502,0.05
2503,0.05
2504,0.05
2505,0.05
2506,0.05
2507,0.05
2508,0.05
2509,0.05
2510,0.05
2511,0.05
2512,0.05
2513,0.05
2514,0.05
2515,0.05
2516,0.05
2517,0.05
2518,0.05
2519,0.05
2520,0.05
2521,0.05
2522,0.05
2523,0.05
2524,0.05
2525,0.05
2526,0.05
2527,0.05
2528,0.05
2529,0.05
2530,0.05
2531,0.05
2532,0.05
2533,0.05
2534,0.05
2535,0.05
2536,0.05
2537,0.05
2538,0.05
2539,0.05
2540,0.05
2541,0.05
2542,0.05
2543,0.05
2544,0.05
2545,0.05
2546,0.05
2547,0.05
2548,0.05
2549,0.05
2550,0.05
2551,0.05
2552,0.05
2553,0.05
2554,0.05
2555,0.05
2556,0.05
2557,0.05
2558,0.05
2559,0.05
2560,0.05
2561,0.05
2562,0.05
2563,0.05
2564,0.05
2565,0.05
2566,0.05
2567,0.05
2568,0.05
2569,0.05
2570,0.05
2571,0.05
2572,0.05
2573,0.05
2574,0.05
2575,0.05
2576,0.05
2577,0.05
2578,0.05
2579,0.05
2580,0.05
2581,0.05
2582,0.05
2583,0.05
2584,0.05
2585,0.05
2586,0.05
2587,0.05
2588,0.05
2589,0.05
2590,0.05
2591,0.05
2592,0.05
2593,0.05
2594,0.05
2595,0.05
2596,0.05
2597,0.05
2598,0.05
2599,0.05
2600,0.05
2601,0.05
2602,0.05
2603,0.05
2604,0.05
2605,0.05
2606,0.05
2607,0.05
2608,0.05
2609,0.05
2610,0.05
2611,0.05
2612,0.05
2613,0.05
2614,0.05
2615,0.05
2616,0.05
2617,0.05
2618,0.05
2619,0.05
2620,0.05
2621,0.05
2622,0.05
2623,0.05
2624,0.05
2625,0.05
2626,0.05
2627,0.05
2628,0.05
2629,0.05
2630,0.05
2631,0.05
2632,0.05
2633,0.05
2634,0.05
2635,0.05
2636,0.05
2637,0.05
2638,0.05
2639,0.05
2640,0.05
2641,0.05
2642,0.05
2643,0.05
2644,0.05
2645,0.05
2646,0.05
2647,0.05
2648,0.05
2649,0.05
2650,0.05
2651,0.05
2652,0.05
2653,0.05
2654,0.05
2655,0.05
2656,0.05
2657,0.05
2658,0.05
2659,0.05
2660,0.05
2661,0.05
2662,0.05
2663,0.05
2664,0.05
2665,0.05
2666,0.05
2667,0.05
2668,0.05
2669,0.05
2670,0.05
2671,0.05
2672,0.05
2673,0.05
2674,0.05
2675,0.05
2676,0.05
2677,0.05
2678,0.05
2679,0.05
2680,0.05
2681,0.05
2682,0.05
2683,0.05
2684,0.05
2685,0.05
2686,0.05
2687,0.05
2688,0.05
2689,0.05
2690,0.05
2691,0.05
2692,0.05
2693,0.05
2694,0.05
2695,0.05
2696,0.05
2697,0.05
2698,0.05
2699,0.05
2700,0.05
2701,0.05
2702,0.05
2703,0.05
2704,0.05
2705,0.05
2706,0.05
2707,0.05
2708,0.05
2709,0.05
2710,0.05
2711,0.05
2712,0.05
2713,0.05
2714,0.05
2715,0.05
2716,0.05
2717,0.05
2718,0.05
2719,0.05
2720,0.05
2721,0.05
2722,0.05
2723,0.05
2724,0.05
2725,0.05
2726,0.05
2727,0.05
2728,0.05
2729,0.05
2730,0.05
2731,0.05
2732,0.05
2733,0.05
2734,0.05
2735,0.05
2736,0.05
2737,0.05
2738,0.05
2739,0.05
2740,0.05
2741,0.05
2742,0.05
2743,0.05
2744,0.05
2745,0.05
2746,0.05
2747,0.05
2748,0.05
2749,0.05
2750,0.05
2751,0.05
2752,0.05
2753,0.05
2754,0.05
2755,0.05
2756,0.05
2757,0.05
2758,0.05
2759,0.05
2760,0.05
2761,0.05
2762,0.05
2763,0.05
2764,0.05
2765,0.05
2766,0.05
2767,0.05
2768,0.05
2769,0.05
2770,0.05
2771,0.05
2772,0.05
2773,0.05
2774,0.05
2775,0.05
2776,0.05
2777,0.05
2778,0.05
2779,0.05
2780,0.05
2781,0.05
2782,0.05
2783,0.05
2784,0.05
2785,0.05
2786,0.05
2787,0.05
2788,0.05
2789,0.05
2790,0.05
2791,0.05
2792,0.05
2793,0.05
2794,0.05
2795,0.05
2796,0.05
2797,0.05
2798,0.05
2799,0.05
2800,0.05
2801,0.05
2802,0.05
2803,0.05
2804,0.05
2805,0.05
2806,0.05
2807,0.05
2808,0.05
2809,0.05
2810,0.05
2811,0.05
2812,0.05
2813,0.05
2814,0.05
2815,0.05
2816,0.05
2817,0.05
2818,0.05
2819,0.05
2820,0.05
2821,0.05
2822,0.05
2823,0.05
2824,0.05
2825,0.05
2826,0.05
2827,0.05
2828,0.05
2829,0.05
2830,0.05
2831,0.05
2832,0.05
2833,0.05
2834,0.05
2835,0.05
2836,0.05
2837,0.05
2838,0.05
2839,0.05
2840,0.05
2841,0.05
2842,0.05
2843,0.05
2844,0.05
2845,0.05
2846,0.05
2847,0.05
2848,0.05
2849,0.05
2850,0.05
2851,0.05
2852,0.05
2853,0.05
2854,0.05
2855,0.05
2856,0.05
2857,0.05
2858,0.05
2859,0.05
2860,0.05
2861,0.05
2862,0.05
2863,0.05
2864,0.05
2865,0.05
2866,0.05
2867,0.05
2868,0.05
2869,0.05
2870,0.05
2871,0.05
2872,0.05
2873,0.05
2874,0.05
2875,0.05
2876,0.05
2877,0.05
2878,0.05
2879,0.05
2880,0.05
2881,0.05
2882,0.05
2883,0.05
2884,0.05
2885,0.05
2886,0.05
2887,0.05
2888,0.05
2889,0.05
2890,0.05
2891,0.05
2892,0.05
2893,0.05
2894,0.05
2895,0.05
2896,0.05
2897,0.05
2898,0.05
2899,0.05
2900,0.05
2901,0.05
2902,0.05
2903,0.05
2904,0.05
2905,0.05
2906,0.05
2907,0.05
2908,0.05
2909,0.05
2910,0.05
2911,0.05
2912,0.05
2913,0.05
2914,0.05
2915,0.05
2916,0.05
2917,0.05
2918,0.05
2919,0.05
2920,0.05
2921,0.05
2922,0.05
2923,0.05
2924,0.05
2925,0.05
2926,0.05
2927,0.05
2928,0.05
2929,0.05
2930,0.05
2931,0.05
2932,0.05
2933,0.05
2934,0.05
2935,0.05
2936,0.05
2937,0.05
2938,0.05
2939,0.05
2940,0.05
2941,0.05
2942,0.05
2943,0.05
2944,0.05
2945,0.05
2946,0.05
2947,0.05
2948,0.05
2949,0.05
2950,0.05
2951,0.05
2952,0.05
2953,0.05
2954,0.05
2955,0.05
2956,0.05
2957,0.05
2958,0.05
2959,0.05
2960,0.05
2961,0.05
2962,0.05
2963,0.05
2964,0.05
2965,0.05
2966,0.05
2967,0.05
2968,0.05
2969,0.05
2970,0.05
2971,0.05
2972,0.05
2973,0.05
2974,0.05
2975,0.05
2976,0.05
2977,0.05
2978,0.05
2979,0.05
2980,0.05
2981,0.05
2982,0.05
2983,0.05
2984,0.05
2985,0.05
2986,0.05
2987,0.05
2988,0.05
2989,0.05
2990,0.05
2991,0.05
2992,0.05
2993,0.05
2994,0.05
2995,0.05
2996,0.05
2997,0.05
2998,0.05
2999,0.05
3000,0.05
3001,0.05
3002,0.05
3003,0.05
3004,0.05
3005,0.05
3006,0.05
3007,0.05
3008,0.05
3009,0.05
3010,0.05
3011,0.05
3012,0.05
3013,0.05
3014,0.05
3015,0.05
3016,0.05
3017,0.05
3018,0.05
3019,0.05
3020,0.05
3021,0.05
3022,0.05
3023,0.05
3024,0.05
3025,0.05
3026,0.05
3027,0.05
3028,0.05
3029,0.05
3030,0.05
3031,0.05
3032,0.05
3033,0.05
3034,0.05
3035,0.05
3036,0.05
3037,0.05
3038,0.05
3039,0.05
3040,0.05
3041,0.05
3042,0.05
3043,0.05
3044,0.05
3045,0.05
3046,0.05
3047,0.05
3048,0.05
3049,0.05
3050,0.05
3051,0.05
3052,0.05
3053,0.05
3054,0.05
3055,0.05
3056,0.05
3057,0.05
3058,0.05
3059,0.05
3060,0.05
3061,0.05
3062,0.05
3063,0.05
3064,0.05
3065,0.05
3066,0.05
3067,0.05
3068,0.05
3069,0.05
3070,0.05
3071,0.05
3072,0.05
3073,0.05
3074,0.05
3075,0.05
3076,0.05
3077,0.05
3078,0.05
3079,0.05
3080,0.05
3081,0.05
3082,0.05
3083,0.05
3084,0.05
3085,0.05
3086,0.05
3087,0.05
3088,0.05
3089,0.05
3090,0.05
3091,0.05
3092,0.05
3093,0.05
3094,0.05
3095,0.05
3096,0.05
3097,0.05
3098,0.05
3099,0.05
3100,0.05
3101,0.05
3102,0.05
3103,0.05
3104,0.05
3105,0.05
3106,0.05
3107,0.05
3108,0.05
3109,0.05
3110,0.05
3111,0.05
3112,0.05
3113,0.05
3114,0.05
3115,0.05
3116,0.05
3117,0.05
3118,0.05
3119,0.05
3120,0.05
3121,0.05
3122,0.05
3123,0.05
3124,0.05
3125,0.05
3126,0.05
3127,0.05
3128,0.05
3129,0.05
3130,0.05
3131,0.05
3132,0.05
3133,0.05
3134,0.05
3135,0.05
3136,0.05
3137,0.05
3138,0.05
3139,0.05
3140,0.05
3141,0.05
3142,0.05
3143,0.05
3144,0.05
3145,0.05
3146,0.05
3147,0.05
3148,0.05
3149,0.05
3150,0.05
3151,0.05
3152,0.05
3153,0.05
3154,0.05
3155,0.05
3156,0.05
3157,0.05
3158,0.05
3159,0.05
3160,0.05
3161,0.05
3162,0.05
3163,0.05
3164,0.05
3165,0.05
3166,0.05
3167,0.05
3168,0.05
3169,0.05
3170,0.05
3171,0.05
3172,0.05
3173,0.05
3174,0.05
3175,0.05
3176,0.05
3177,0.05
3178,0.05
3179,0.05
3180,0.05
3181,0.05
3182,0.05
3183,0.05
3184,0.05
3185,0.05
3186,0.05
3187,0.05
3188,0.05
3189,0.05
3190,0.05
3191,0.05
3192,0.05
3193,0.05
3194,0.05
3195,0.05
3196,0.05
3197,0.05
3198,0.05
3199,0.05
3200,0.05
3201,0.05
3202,0.05
3203,0.05
3204,0.05
3205,0.05
3206,0.05
3207,0.05
3208,0.05
3209,0.05
3210,0.05
3211,0.05
3212,0.05
3213,0.05
3214,0.05
3215,0.05
3216,0.05
3217,0.05
3218,0.05
3219,0.05
3220,0.05
3221,0.05
3222,0.05
3223,0.05
3224,0.05
3225,0.05
3226,0.05
3227,0.05
3228,0.05
3229,0.05
3230,0.05
3231,0.05
3232,0.05
3233,0.05
3234,0.05
3235,0.05
3236,0.05
3237,0.05
3238,0.05
3239,0.05
3240,0.05
3241,0.05
3242,0.05
3243,0.05
3244,0.05
3245,0.05
3246,0.05
3247,0.05
3248,0.05
3249,0.05
3250,0.05
3251,0.05
3252,0.05
3253,0.05
3254,0.05
3255,0.05
3256,0.05
3257,0.05
3258,0.05
3259,0.05
3260,0.05
3261,0.05
3262,0.05
3263,0.05
3264,0.05
3265,0.05
3266,0.05
3267,0.05
3268,0.05
3269,0.05
3270,0.05
3271,0.05
3272,0.05
3273,0.05
3274,0.05
3275,0.05
3276,0.05
3277,0.05
3278,0.05
3279,0.05
3280,0.05
3281,0.05
3282,0.05
3283,0.05
3284,0.05
3285,0.05
3286,0.05
3287,0.05
3288,0.05
3289,0.05
3290,0.05
3291,0.05
3292,0.05
3293,0.05
3294,0.05
3295,0.05
3296,0.05
3297,0.05
3298,0.05
3299,0.05
3300,0.05
3301,0.05
3302,0.05
3303,0.05
3304,0.05
3305,0.05
3306,0.05
3307,0.05
3308,0.05
3309,0.05
3310,0.05
3311,0.05
3312,0.05
3313,0.05
3314,0.05
3315,0.05
3316,0.05
3317,0.05
3318,0.05
3319,0.05
3320,0.05
3321,0.05
3322,0.05
3323,0.05
3324,0.05
3325,0.05
3326,0.05
3327,0.05
3328,0.05
3329,0.05
3330,0.05
3331,0.05
3332,0.05
3333,0.05
3334,0.05
3335,0.05
3336,0.05
3337,0.05
3338,0.05
3339,0.05
3340,0.05
3341,0.05
3342,0.05
3343,0.05
3344,0.05
3345,0.05
3346,0.05
3347,0.05
3348,0.05
3349,0.05
3350,0.05
3351,0.05
3352,0.05
3353,0.05
3354,0.05
3355,0.05
3356,0.05
3357,0.05
3358,0.05
3359,0.05
3360,0.05
3361,0.05
3362,0.05
3363,0.05
3364,0.05
3365,0.05
3366,0.05
3367,0.05
3368,0.05
3369,0.05
3370,0.05
3371,0.05
3372,0.05
3373,0.05
3374,0.05
3375,0.05
3376,0.05
3377,0.05
3378,0.05
3379,0.05
3380,0.05
3381,0.05
3382,0.05
3383,0.05
3384,0.05
3385,0.05
3386,0.05
3387,0.05
3388,0.05
3389,0.05
3390,0.05
3391,0.05
3392,0.05
3393,0.05
3394,0.05
3395,0.05
3396,0.05
3397,0.05
3398,0.05
3399,0.05
3400,0.05
3401,0.05
3402,0.05
3403,0.05
3404,0.05
3405,0.05
3406,0.05
3407,0.05
3408,0.05
3409,0.05
3410,0.05
3411,0.05
3412,0.05
3413,0.05
3414,0.05
3415,0.05
3416,0.05
3417,0.05
3418,0.05
3419,0.05
3420,0.05
3421,0.05
3422,0.05
3423,0.05
3424,0.05
3425,0.05
3426,0.05
3427,0.05
3428,0.05
3429,0.05
3430,0.05
3431,0.05
3432,0.05
3433,0.05
3434,0.05
3435,0.05
3436,0.05
3437,0.05
3438,0.05
3439,0.05
3440,0.05
3441,0.05
3442,0.05
3443,0.05
3444,0.05
3445,0.05
3446,0.05
3447,0.05
3448,0.05
3449,0.05
3450,0.05
3451,0.05
3452,0.05
3453,0.05
3454,0.05
3455,0.05
3456,0.05
3457,0.05
3458,0.05
3459,0.05
3460,0.05
3461,0.05
3462,0.05
3463,0.05
3464,0.05
3465,0.05
3466,0.05
3467,0.05
3468,0.05
3469,0.05
3470,0.05
3471,0.05
3472,0.05
3473,0.05
3474,0.05
3475,0.05
3476,0.05
3477,0.05
3478,0.05
3479,0.05
3480,0.05
3481,0.05
3482,0.05
3483,0.05
3484,0.05
3485,0.05
3486,0.05
3487,0.05
3488,0.05
3489,0.05
3490,0.05
3491,0.05
3492,0.05
3493,0.05
3494,0.05
3495,0.05
3496,0.05
3497,0.05
3498,0.05
3499,0.05
3500,0.05
3501,0.05
3502,0.05
3503,0.05
3504,0.05
3505,0.05
3506,0.05
3507,0.05
3508,0.05
3509,0.05
3510,0.05
3511,0.05
3512,0.05
3513,0.05
3514,0.05
3515,0.05
3516,0.05
3517,0.05
3518,0.05
3519,0.05
3520,0.05
3521,0.05
3522,0.05
3523,0.05
3524,0.05
3525,0.05
3526,0.05
3527,0.05
3528,0.05
3529,0.05
3530,0.05
3531,0.05
3532,0.05
3533,0.05
3534,0.05
3535,0.05
3536,0.05
3537,0.05
3538,0.05
3539,0.05
3540,0.05
3541,0.05
3542,0.05
3543,0.05
3544,0.05
3545,0.05
3546,0.05
3547,0.05
3548,0.05
3549,0.05
3550,0.05
3551,0.05
3552,0.05
3553,0.05
3554,0.05
3555,0.05
3556,0.05
3557,0.05
3558,0.05
3559,0.05
3560,0.05
3561,0.05
3562,0.05
3563,0.05
3564,0.05
3565,0.05
3566,0.05
3567,0.05
3568,0.05
3569,0.05
3570,0.05
3571,0.05
3572,0.05
3573,0.05
3574,0.05
3575,0.05
3576,0.05
3577,0.05
3578,0.05
3579,0.05
3580,0.05
3581,0.05
3582,0.05
3583,0.05
3584,0.05
3585,0.05
3586,0.05
3587,0.05
3588,0.05
3589,0.05
3590,0.05
3591,0.05
3592,0.05
3593,0.05
3594,0.05
3595,0.05
3596,0.05
3597,0.05
3598,0.05
3599,0.05
3600,0.05
3601,0.05
3602,0.05
3603,0.05
3604,0.05
3605,0.05
3606,0.05
3607,0.05
3608,0.05
3609,0.05
3610,0.05
3611,0.05
3612,0.05
3613,0.05
3614,0.05
3615,0.05
3616,0.05
3617,0.05
3618,0.05
3619,0.05
3620,0.05
3621,0.05
3622,0.05
3623,0.05
3624,0.05
3625,0.05
3626,0.05
3627,0.05
3628,0.05
3629,0.05
3630,0.05
3631,0.05
3632,0.05
3633,0.05
3634,0.05
3635,0.05
3636,0.05
3637,0.05
3638,0.05
3639,0.05
3640,0.05
3641,0.05
3642,0.05
3643,0.05
3644,0.05
3645,0.05
3646,0.05
3647,0.05
3648,0.05
3649,0.05
3650,0.05
3651,0.05
3652,0.05
3653,0.05
3654,0.05
3655,0.05
3656,0.05
3657,0.05
3658,0.05
3659,0.05
3660,0.05
3661,0.05
3662,0.05
3663,0.05
3664,0.05
3665,0.05
3666,0.05
3667,0.05
3668,0.05
3669,0.05
3670,0.05
3671,0.05
3672,0.05
3673,0.05
3674,0.05
3675,0.05
3676,0.05
3677,0.05
3678,0.05
3679,0.05
3680,0.05
3681,0.05
3682,0.05
3683,0.05
3684,0.05
3685,0.05
3686,0.05
3687,0.05
3688,0.05
3689,0.05
3690,0.05
3691,0.05
3692,0.05
3693,0.05
3694,0.05
3695,0.05
3696,0.05
3697,0.05
3698,0.05
3699,0.05
3700,0.05
3701,0.05
3702,0.05
3703,0.05
3704,0.05
3705,0.05
3706,0.05
3707,0.05
3708,0.05
3709,0.05
3710,0.05
3711,0.05
3712,0.05
3713,0.05
3714,0.05
3715,0.05
3716,0.05
3717,0.05
3718,0.05
3719,0.05
3720,0.05
3721,0.05
3722,0.05
3723,0.05
3724,0.05
3725,0.05
3726,0.05
3727,0.05
3728,0.05
3729,0.05
3730,0.05
3731,0.05
3732,0.05
3733,0.05
3734,0.05
3735,0.05
3736,0.05
3737,0.05
3738,0.05
3739,0.05
3740,0.05
3741,0.05
3742,0.05
3743,0.05
3744,0.05
3745,0.05
3746,0.05
3747,0.05
3748,0.05
3749,0.05
3750,0.05
3751,0.05
3752,0.05
3753,0.05
3754,0.05
3755,0.05
3756,0.05
3757,0.05
3758,0.05
3759,0.05
3760,0.05
3761,0.05
3762,0.05
3763,0.05
3764,0.05
3765,0.05
3766,0.05
3767,0.05
3768,0.05
3769,0.05
3770,0.05
3771,0.05
3772,0.05
3773,0.05
3774,0.05
3775,0.05
3776,0.05
3777,0.05
3778,0.05
3779,0.05
3780,0.05
3781,0.05
3782,0.05
3783,0.05
3784,0.05
3785,0.05
3786,0.05
3787,0.05
3788,0.05
3789,0.05
3790,0.05
3791,0.05
3792,0.05
3793,0.05
3794,0.05
3795,0.05
3796,0.05
3797,0.05
3798,0.05
3799,0.05
3800,0.05
3801,0.05
3802,0.05
3803,0.05
3804,0.05
3805,0.05
3806,0.05
3807,0.05
3808,0.05
3809,0.05
3810,0.05
3811,0.05
3812,0.05
3813,0.05
3814,0.05
3815,0.05
3816,0.05
3817,0.05
3818,0.05
3819,0.05
3820,0.05
3821,0.05
3822,0.05
3823,0.05
3824,0.05
3825,0.05
3826,0.05
3827,0.05
3828,0.05
3829,0.05
3830,0.05
3831,0.05
3832,0.05
3833,0.05
3834,0.05
3835,0.05
3836,0.05
3837,0.05
3838,0.05
3839,0.05
3840,0.05
3841,0.05
3842,0.05
3843,0.05
3844,0.05
3845,0.05
3846,0.05
3847,0.05
3848,0.05
3849,0.05
3850,0.05
3851,0.05
3852,0.05
3853,0.05
3854,0.05
3855,0.05
3856,0.05
3857,0.05
3858,0.05
3859,0.05
3860,0.05
3861,0.05
3862,0.05
3863,0.05
3864,0.05
3865,0.05
3866,0.05
3867,0.05
3868,0.05
3869,0.05
3870,0.05
3871,0.05
3872,0.05
3873,0.05
3874,0.05
3875,0.05
3876,0.05
3877,0.05
3878,0.05
3879,0.05
3880,0.05
3881,0.05
3882,0.05
3883,0.05
3884,0.05
3885,0.05
3886,0.05
3887,0.05
3888,0.05
3889,0.05
3890,0.05
3891,0.05
3892,0.05
3893,0.05
3894,0.05
3895,0.05
3896,0.05
3897,0.05
3898,0.05
3899,0.05
3900,0.05
3901,0.05
3902,0.05
3903,0.05
3904,0.05
3905,0.05
3906,0.05
3907,0.05
3908,0.05
3909,0.05
3910,0.05
3911,0.05
3912,0.05
3913,0.05
3914,0.05
3915,0.05
3916,0.05
3917,0.05
3918,0.05
3919,0.05
3920,0.05
3921,0.05
3922,0.05
3923,0.05
3924,0.05
3925,0.05
3926,0.05
3927,0.05
3928,0.05
3929,0.05
3930,0.05
3931,0.05
3932,0.05
3933,0.05
3934,0.05
3935,0.05
3936,0.05
3937,0.05
3938,0.05
3939,0.05
3940,0.05
3941,0.05
3942,0.05
3943,0.05
3944,0.05
3945,0.05
3946,0.05
3947,0.05
3948,0.05
3949,0.05
3950,0.05
3951,0.05
3952,0.05
3953,0.05
3954,0.05
3955,0.05
3956,0.05
3957,0.05
3958,0.05
3959,0.05
3960,0.05
3961,0.05
3962,0.05
3963,0.05
3964,0.05
3965,0.05
3966,0.05
3967,0.05
3968,0.05
3969,0.05
3970,0.05
3971,0.05
3972,0.05
3973,0.05
3974,0.05
3975,0.05
3976,0.05
3977,0.05
3978,0.05
3979,0.05
3980,0.05
3981,0.05
3982,0.05
3983,0.05
3984,0.05
3985,0.05
3986,0.05
3987,0.05
3988,0.05
3989,0.05
3990,0.05
3991,0.05
3992,0.05
3993,0.05
3994,0.05
3995,0.05
3996,0.05
3997,0.05
3998,0.05
3999,0.05
4000,0.05
4001,0.05
4002,0.05
4003,0.05
4004,0.05
4005,0.05
4006,0.05
4007,0.05
4008,0.05
4009,0.05
4010,0.05
4011,0.05
4012,0.05
4013,0.05
4014,0.05
4015,0.05
4016,0.05
4017,0.05
4018,0.05
4019,0.05
4020,0.05
4021,0.05
4022,0.05
4023,0.05
4024,0.05
4025,0.05
4026,0.05
4027,0.05
4028,0.05
4029,0.05
4030,0.05
4031,0.05
4032,0.05
4033,0.05
4034,0.05
4035,0.05
4036,0.05
4037,0.05
4038,0.05
4039,0.05
4040,0.05
4041,0.05
4042,0.05
4043,0.05
4044,0.05
4045,0.05
4046,0.05
4047,0.05
4048,0.05
4049,0.05
4050,0.05
4051,0.05
4052,0.05
4053,0.05
4054,0.05
4055,0.05
4056,0.05
4057,0.05
4058,0.05
4059,0.05
4060,0.05
4061,0.05
4062,0.05
4063,0.05
4064,0.05
4065,0.05
4066,0.05
4067,0.05
4068,0.05
4069,0.05
4070,0.05
4071,0.05
4072,0.05
4073,0.05
4074,0.05
4075,0.05
4076,0.05
4077,0.05
4078,0.05
4079,0.05
4080,0.05
4081,0.05
4082,0.05
4083,0.05
4084,0.05
4085,0.05
4086,0.05
4087,0.05
4088,0.05
4089,0.05
4090,0.05
4091,0.05
4092,0.05
4093,0.05
4094,0.05
4095,0.05
4096,0.05
4097,0.05
4098,0.05
4099,0.05
4100,0.05
4101,0.05
4102,0.05
4103,0.05
4104,0.05
4105,0.05
4106,0.05
4107,0.05
4108,0.05
4109,0.05
4110,0.05
4111,0.05
4112,0.05
4113,0.05
4114,0.05
4115,0.05
4116,0.05
4117,0.05
4118,0.05
4119,0.05
4120,0.05
4121,0.05
4122,0.05
4123,0.05
4124,0.05
4125,0.05
4126,0.05
4127,0.05
4128,0.05
4129,0.05
4130,0.05
4131,0.05
4132,0.05
4133,0.05
4134,0.05
4135,0.05
4136,0.05
4137,0.05
4138,0.05
4139,0.05
4140,0.05
4141,0.05
4142,0.05
4143,0.05
4144,0.05
4145,0.05
4146,0.05
4147,0.05
4148,0.05
4149,0.05
4150,0.05
4151,0.05
4152,0.05
4153,0.05
4154,0.05
4155,0.05
4156,0.05
4157,0.05
4158,0.05
4159,0.05
4160,0.05
4161,0.05
4162,0.05
4163,0.05
4164,0.05
4165,0.05
4166,0.05
4167,0.05
4168,0.05
4169,0.05
4170,0.05
4171,0.05
4172,0.05
4173,0.05
4174,0.05
4175,0.05
4176,0.05
4177,0.05
4178,0.05
4179,0.05
4180,0.05
4181,0.05
4182,0.05
4183,0.05
4184,0.05
4185,0.05
4186,0.05
4187,0.05
4188,0.05
4189,0.05
4190,0.05
4191,0.05
4192,0.05
4193,0.05
4194,0.05
4195,0.05
4196,0.05
4197,0.05
4198,0.05
4199,0.05
4200,0.05
4201,0.05
4202,0.05
4203,0.05
4204,0.05
4205,0.05
4206,0.05
4207,0.05
4208,0.05
4209,0.05
4210,0.05
4211,0.05
4212,0.05
4213,0.05
4214,0.05
4215,0.05
4216,0.05
4217,0.05
4218,0.05
4219,0.05
4220,0.05
4221,0.05
4222,0.05
4223,0.05
4224,0.05
4225,0.05
4226,0.05
4227,0.05
4228,0.05
4229,0.05
4230,0.05
4231,0.05
4232,0.05
4233,0.05
4234,0.05
4235,0.05
4236,0.05
4237,0.05
4238,0.05
4239,0.05
4240,0.05
4241,0.05
4242,0.05
4243,0.05
4244,0.05
4245,0.05
4246,0.05
4247,0.05
4248,0.05
4249,0.05
4250,0.05
4251,0.05
4252,0.05
4253,0.05
4254,0.05
4255,0.05
4256,0.05
4257,0.05
4258,0.05
4259,0.05
4260,0.05
4261,0.05
4262,0.05
4263,0.05
4264,0.05
4265,0.05
4266,0.05
4267,0.05
4268,0.05
4269,0.05
4270,0.05
4271,0.05
4272,0.05
4273,0.05
4274,0.05
4275,0.05
4276,0.05
4277,0.05
4278,0.05
4279,0.05
4280,0.05
4281,0.05
4282,0.05
4283,0.05
4284,0.05
4285,0.05
4286,0.05
4287,0.05
4288,0.05
4289,0.05
4290,0.05
4291,0.05
4292,0.05
4293,0.05
4294,0.05
4295,0.05
4296,0.05
4297,0.05
4298,0.05
4299,0.05
4300,0.05
4301,0.05
4302,0.05
4303,0.05
4304,0.05
4305,0.05
4306,0.05
4307,0.05
4308,0.05
4309,0.05
4310,0.05
4311,0.05
4312,0.05
4313,0.05
4314,0.05
4315,0.05
4316,0.05
4317,0.05
4318,0.05
4319,0.05
4320,0.05
4321,0.05
4322,0.05
4323,0.05
4324,0.05
4325,0.05
4326,0.05
4327,0.05
4328,0.05
4329,0.05
4330,0.05
4331,0.05
4332,0.05
4333,0.05
4334,0.05
4335,0.05
4336,0.05
4337,0.05
4338,0.05
4339,0.05
4340,0.05
4341,0.05
4342,0.05
4343,0.05
4344,0.05
4345,0.05
4346,0.05
4347,0.05
4348,0.05
4349,0.05
4350,0.05
4351,0.05
4352,0.05
4353,0.05
4354,0.05
4355,0.05
4356,0.05
4357,0.05
4358,0.05
4359,0.05
4360,0.05
4361,0.05
4362,0.05
4363,0.05
4364,0.05
4365,0.05
4366,0.05
4367,0.05
4368,0.05
4369,0.05
4370,0.05
4371,0.05
4372,0.05
4373,0.05
4374,0.05
4375,0.05
4376,0.05
4377,0.05
4378,0.05
4379,0.05
4380,0.05
4381,0.05
4382,0.05
4383,0.05
4384,0.05
4385,0.05
4386,0.05
4387,0.05
4388,0.05
4389,0.05
4390,0.05
4391,0.05
4392,0.05
4393,0.05
4394,0.05
4395,0.05
4396,0.05
4397,0.05
4398,0.05
4399,0.05
4400,0.05
4401,0.05
4402,0.05
4403,0.05
4404,0.05
4405,0.05
4406,0.05
4407,0.05
4408,0.05
4409,0.05
4410,0.05
4411,0.05
4412,0.05
4413,0.05
4414,0.05
4415,0.05
4416,0.05
4417,0.05
4418,0.05
4419,0.05
4420,0.05
4421,0.05
4422,0.05
4423,0.05
4424,0.05
4425,0.05
4426,0.05
4427,0.05
4428,0.05
4429,0.05
4430,0.05
4431,0.05
4432,0.05
4433,0.05
4434,0.05
4435,0.05
4436,0.05
4437,0.05
4438,0.05
4439,0.05
4440,0.05
4441,0.05
4442,0.05
4443,0.05
4444,0.05
4445,0.05
4446,0.05
4447,0.05
4448,0.05
4449,0.05
4450,0.05
4451,0.05
4452,0.05
4453,0.05
4454,0.05
4455,0.05
4456,0.05
4457,0.05
4458,0.05
4459,0.05
4460,0.05
4461,0.05
4462,0.05
4463,0.05
4464,0.05
4465,0.05
4466,0.05
4467,0.05
4468,0.05
4469,0.05
4470,0.05
4471,0.05
4472,0.05
4473,0.05
4474,0.05
4475,0.05
4476,0.05
4477,0.05
4478,0.05
4479,0.05
4480,0.05
4481,0.05
4482,0.05
4483,0.05
4484,0.05
4485,0.05
4486,0.05
4487,0.05
4488,0.05
4489,0.05
4490,0.05
4491,0.05
4492,0.05
4493,0.05
4494,0.05
4495,0.05
4496,0.05
4497,0.05
4498,0.05
4499,0.05
4500,0.05
4501,0.05
4502,0.05
4503,0.05
4504,0.05
4505,0.05
4506,0.05
4507,0.05
4508,0.05
4509,0.05
4510,0.05
4511,0.05
4512,0.05
4513,0.05
4514,0.05
4515,0.05
4516,0.05
4517,0.05
4518,0.05
4519,0.05
4520,0.05
4521,0.05
4522,0.05
4523,0.05
4524,0.05
4525,0.05
4526,0.05
4527,0.05
4528,0.05
4529,0.05
4530,0.05
4531,0.05
4532,0.05
4533,0.05
4534,0.05
4535,0.05
4536,0.05
4537,0.05
4538,0.05
4539,0.05
4540,0.05
4541,0.05
4542,0.05
4543,0.05
4544,0.05
4545,0.05
4546,0.05
4547,0.05
4548,0.05
4549,0.05
4550,0.05
4551,0.05
4552,0.05
4553,0.05
4554,0.05
4555,0.05
4556,0.05
4557,0.05
4558,0.05
4559,0.05
4560,0.05
4561,0.05
4562,0.05
4563,0.05
4564,0.05
4565,0.05
4566,0.05
4567,0.05
4568,0.05
4569,0.05
4570,0.05
4571,0.05
4572,0.05
4573,0.05
4574,0.05
4575,0.05
4576,0.05
4577,0.05
4578,0.05
4579,0.05
4580,0.05
4581,0.05
4582,0.05
4583,0.05
4584,0.05
4585,0.05
4586,0.05
4587,0.05
4588,0.05
4589,0.05
4590,0.05
4591,0.05
4592,0.05
4593,0.05
4594,0.05
4595,0.05
4596,0.05
4597,0.05
4598,0.05
4599,0.05
4600,0.05
4601,0.05
4602,0.05
4603,0.05
4604,0.05
4605,0.05
4606,0.05
4607,0.05
4608,0.05
4609,0.05
4610,0.05
4611,0.05
4612,0.05
4613,0.05
4614,0.05
4615,0.05
4616,0.05
4617,0.05
4618,0.05
4619,0.05
4620,0.05
4621,0.05
4622,0.05
4623,0.05
4624,0.05
4625,0.05
4626,0.05
4627,0.05
4628,0.05
4629,0.05
4630,0.05
4631,0.05
4632,0.05
4633,0.05
4634,0.05
4635,0.05
4636,0.05
4637,0.05
4638,0.05
4639,0.05
4640,0.05
4641,0.05
4642,0.05
4643,0.05
4644,0.05
4645,0.05
4646,0.05
4647,0.05
4648,0.05
4649,0.05
4650,0.05
4651,0.05
4652,0.05
4653,0.05
4654,0.05
4655,0.05
4656,0.05
4657,0.05
4658,0.05
4659,0.05
4660,0.05
4661,0.05
4662,0.05
4663,0.05
4664,0.05
4665,0.05
4666,0.05
4667,0.05
4668,0.05
4669,0.05
4670,0.05
4671,0.05
4672,0.05
4673,0.05
4674,0.05
4675,0.05
4676,0.05
4677,0.05
4678,0.05
4679,0.05
4680,0.05
4681,0.05
4682,0.05
4683,0.05
4684,0.05
4685,0.05
4686,0.05
4687,0.05
4688,0.05
4689,0.05
4690,0.05
4691,0.05
4692,0.05
4693,0.05
4694,0.05
4695,0.05
4696,0.05
4697,0.05
4698,0.05
4699,0.05
4700,0.05
4701,0.05
4702,0.05
4703,0.05
4704,0.05
4705,0.05
4706,0.05
4707,0.05
4708,0.05
4709,0.05
4710,0.05
4711,0.05
4712,0.05
4713,0.05
4714,0.05
4715,0.05
4716,0.05
4717,0.05
4718,0.05
4719,0.05
4720,0.05
4721,0.05
4722,0.05
4723,0.05
4724,0.05
4725,0.05
4726,0.05
4727,0.05
4728,0.05
4729,0.05
4730,0.05
4731,0.05
4732,0.05
4733,0.05
4734,0.05
4735,0.05
4736,0.05
4737,0.05
4738,0.05
4739,0.05
4740,0.05
4741,0.05
4742,0.05
4743,0.05
4744,0.05
4745,0.05
4746,0.05
4747,0.05
4748,0.05
4749,0.05
4750,0.05
4751,0.05
4752,0.05
4753,0.05
4754,0.05
4755,0.05
4756,0.05
4757,0.05
4758,0.05
4759,0.05
4760,0.05
4761,0.05
4762,0.05
4763,0.05
4764,0.05
4765,0.05
4766,0.05
4767,0.05
4768,0.05
4769,0.05
4770,0.05
4771,0.05
4772,0.05
4773,0.05
4774,0.05
4775,0.05
4776,0.05
4777,0.05
4778,0.05
4779,0.05
4780,0.05
4781,0.05
4782,0.05
4783,0.05
4784,0.05
4785,0.05
4786,0.05
4787,0.05
4788,0.05
4789,0.05
4790,0.05
4791,0.05
4792,0.05
4793,0.05
4794,0.05
4795,0.05
4796,0.05
4797,0.05
4798,0.05
4799,0.05
4800,0.05
4801,0.05
4802,0.05
4803,0.05
4804,0.05
4805,0.05
4806,0.05
4807,0.05
4808,0.05
4809,0.05
4810,0.05
4811,0.05
4812,0.05
4813,0.05
4814,0.05
4815,0.05
4816,0.05
4817,0.05
4818,0.05
4819,0.05
4820,0.05
4821,0.05
4822,0.05
4823,0.05
4824,0.05
4825,0.05
4826,0.05
4827,0.05
4828,0.05
4829,0.05
4830,0.05
4831,0.05
4832,0.05
4833,0.05
4834,0.05
4835,0.05
4836,0.05
4837,0.05
4838,0.05
4839,0.05
4840,0.05
4841,0.05
4842,0.05
4843,0.05
4844,0.05
4845,0.05
4846,0.05
4847,0.05
4848,0.05
4849,0.05
4850,0.05
4851,0.05
4852,0.05
4853,0.05
4854,0.05
4855,0.05
4856,0.05
4857,0.05
4858,0.05
4859,0.05
4860,0.05
4861,0.05
4862,0.05
4863,0.05
4864,0.05
4865,0.05
4866,0.05
4867,0.05
4868,0.05
4869,0.05
4870,0.05
4871,0.05
4872,0.05
4873,0.05
4874,0.05
4875,0.05
4876,0.05
4877,0.05
4878,0.05
4879,0.05
4880,0.05
4881,0.05
4882,0.05
4883,0.05
4884,0.05
4885,0.05
4886,0.05
4887,0.05
4888,0.05
4889,0.05
4890,0.05
4891,0.05
4892,0.05
4893,0.05
4894,0.05
4895,0.05
4896,0.05
4897,0.05
4898,0.05
4899,0.05
4900,0.05
4901,0.05
4902,0.05
4903,0.05
4904,0.05
4905,0.05
4906,0.05
4907,0.05
4908,0.05
4909,0.05
4910,0.05
4911,0.05
4912,0.05
4913,0.05
4914,0.05
4915,0.05
4916,0.05
4917,0.05
4918,0.05
4919,0.05
4920,0.05
4921,0.05
4922,0.05
4923,0.05
4924,0.05
4925,0.05
4926,0.05
4927,0.05
4928,0.05
4929,0.05
4930,0.05
4931,0.05
4932,0.05
4933,0.05
4934,0.05
4935,0.05
4936,0.05
4937,0.05
4938,0.05
4939,0.05
4940,0.05
4941,0.05
4942,0.05
4943,0.05
4944,0.05
4945,0.05
4946,0.05
4947,0.05
4948,0.05
4949,0.05
4950,0.05
4951,0.05
4952,0.05
4953,0.05
4954,0.05
4955,0.05
4956,0.05
4957,0.05
4958,0.05
4959,0.05
4960,0.05
4961,0.05
4962,0.05
4963,0.05
4964,0.05
4965,0.05
4966,0.05
4967,0.05
4968,0.05
4969,0.05
4970,0.05
4971,0.05
4972,0.05
4973,0.05
4974,0.05
4975,0.05
4976,0.05
4977,0.05
4978,0.05
4979,0.05
4980,0.05
4981,0.05
4982,0.05
4983,0.05
4984,0.05
4985,0.05
4986,0.05
4987,0.05
4988,0.05
4989,0.05
4990,0.05
4991,0.05
4992,0.05
4993,0.05
4994,0.05
4995,0.05
4996,0.05
4997,0.05
4998,0.05
4999,0.05
5000,0.05
5001,0.05
5002,0.05
5003,0.05
5004,0.05
5005,0.05
5006,0.05
5007,0.05
